benchmark_group,dataset,family,distribution,structure,n_samples,n_features,method,method_key,k_values,successful_k_values,failed_k_values,mean_ari_vs_hdbscan_generic,min_ari_vs_hdbscan_generic,mean_ari_vs_true,min_ari_vs_true,mean_hai,min_hai,mean_total_seconds,cumulative_workflow_seconds,mean_n_clusters_found
synthetic,gaussian_sparse-iid-n10000-d2-seed42,synthetic,gaussian_sparse,iid,10000,2,HDBSCAN,hdbscan_generic,49,49,0,1.0,1.0,,,1.0,1.0,5.921448103406428,290.150957066915,83.95918367346938
synthetic,gaussian_sparse-iid-n10000-d2-seed42,synthetic,gaussian_sparse,iid,10000,2,Optimized HDBSCAN,optimized_hdbscan,49,49,0,0.9774015515861378,-0.0996716293343196,,,0.9999965341491428,0.999989344112,0.9612827986747272,47.10285713506164,87.26530612244898
synthetic,gaussian_sparse-iid-n10000-d2-seed42,synthetic,gaussian_sparse,iid,10000,2,ScoreSG,score_sg,49,49,0,0.2965147184656082,-0.108323911928112,,,0.9999840464677552,0.99993690102,3.619844489175546,33.87555024100584,30.020408163265305
synthetic,gaussian_sparse-iid-n10000-d2-seed42,synthetic,gaussian_sparse,iid,10000,2,ScoreSG Random,score_sg_random,49,49,0,0.2965147184656082,-0.108323911928112,,,0.9999840464677552,0.99993690102,3.373290823556944,33.26814838606515,30.020408163265305
synthetic,gaussian_sparse-iid-n10000-d32-seed42,synthetic,gaussian_sparse,iid,10000,32,HDBSCAN,hdbscan_generic,49,49,0,1.0,1.0,,,1.0,1.0,5.959652775143658,292.02298598203924,0.1632653061224489
synthetic,gaussian_sparse-iid-n10000-d32-seed42,synthetic,gaussian_sparse,iid,10000,32,Optimized HDBSCAN,optimized_hdbscan,49,49,0,1.0,1.0,,,0.9999997049355918,0.999998308972,4.579303887653122,224.38589049500297,0.1632653061224489
synthetic,gaussian_sparse-iid-n10000-d32-seed42,synthetic,gaussian_sparse,iid,10000,32,ScoreSG,score_sg,49,49,0,0.917762783229173,-0.1031585545883496,,,0.9995230165430204,0.999014097072,3.9458249434763424,35.076120135054225,0.0816326530612244
synthetic,gaussian_sparse-iid-n10000-d32-seed42,synthetic,gaussian_sparse,iid,10000,32,ScoreSG Random,score_sg_random,49,49,0,0.917762783229173,-0.1031585545883496,,,0.9995230165430204,0.999014097072,4.150091149414205,35.295285249943845,0.0816326530612244
synthetic,gaussian_sparse-iid-n5000-d2-seed42,synthetic,gaussian_sparse,iid,5000,2,HDBSCAN,hdbscan_generic,49,49,0,1.0,1.0,,,1.0,1.0,1.6372567108554328,80.22557883191621,33.714285714285715
synthetic,gaussian_sparse-iid-n5000-d2-seed42,synthetic,gaussian_sparse,iid,5000,2,Optimized HDBSCAN,optimized_hdbscan,49,49,0,0.9997890076549056,0.9902412175794896,,,0.9999932794004898,0.99997525744,0.27578797967444,13.51361100404756,33.714285714285715
synthetic,gaussian_sparse-iid-n5000-d2-seed42,synthetic,gaussian_sparse,iid,5000,2,ScoreSG,score_sg,49,49,0,0.3881547541839399,-0.103426260434042,,,0.9999722583092244,0.999876528448,17.106045398115754,29.48879279594985,9.79591836734694
synthetic,gaussian_sparse-iid-n5000-d2-seed42,synthetic,gaussian_sparse,iid,5000,2,ScoreSG Random,score_sg_random,49,49,0,0.3881547541839399,-0.103426260434042,,,0.9999722583092244,0.999876528448,1.6045611670920246,13.856941955978982,9.79591836734694
synthetic,gaussian_sparse-iid-n5000-d32-seed42,synthetic,gaussian_sparse,iid,5000,32,HDBSCAN,hdbscan_generic,49,49,0,1.0,1.0,,,1.0,1.0,1.6084788504094645,78.81546367006376,0.1632653061224489
synthetic,gaussian_sparse-iid-n5000-d32-seed42,synthetic,gaussian_sparse,iid,5000,32,Optimized HDBSCAN,optimized_hdbscan,49,49,0,1.0,1.0,,,0.9999993616783672,0.999995938112,1.133820177917725,55.55718871796853,0.1632653061224489
synthetic,gaussian_sparse-iid-n5000-d32-seed42,synthetic,gaussian_sparse,iid,5000,32,ScoreSG,score_sg,49,49,0,0.9404559984331412,0.0,,,0.9998086015849796,0.999563743456,2.040446601426157,15.336672701785574,0.0408163265306122
synthetic,gaussian_sparse-iid-n5000-d32-seed42,synthetic,gaussian_sparse,iid,5000,32,ScoreSG Random,score_sg_random,49,49,0,0.9404559984331412,0.0,,,0.9998086015849796,0.999563743456,1.835513201162661,15.013730280130403,0.0408163265306122
synthetic,gaussian_sparse-separated-n10000-d2-seed42,synthetic,gaussian_sparse,separated_clusters,10000,2,HDBSCAN,hdbscan_generic,49,49,0,1.0,1.0,0.9718895138684648,0.0038050616476528,1.0,1.0,6.019779588124353,294.96919981809333,49.53061224489796
synthetic,gaussian_sparse-separated-n10000-d2-seed42,synthetic,gaussian_sparse,separated_clusters,10000,2,Optimized HDBSCAN,optimized_hdbscan,49,49,0,1.0,1.0,0.9718895138684648,0.0038050616476528,0.9999995316404082,0.99999786552,0.9736039011195132,47.70659115485614,49.53061224489796
synthetic,gaussian_sparse-separated-n10000-d2-seed42,synthetic,gaussian_sparse,separated_clusters,10000,2,ScoreSG,score_sg,49,49,0,0.9718895138684648,0.0038050616476528,1.0,1.0,0.9629834253726532,0.9629742275560002,3.8193681081952953,34.606701557087945,6.0
synthetic,gaussian_sparse-separated-n10000-d2-seed42,synthetic,gaussian_sparse,separated_clusters,10000,2,ScoreSG Random,score_sg_random,49,49,0,0.9718895138684648,0.0038050616476528,1.0,1.0,0.8518278787086541,0.8518186808920012,3.798335439442391,34.81975798786152,6.0
synthetic,gaussian_sparse-separated-n10000-d32-seed42,synthetic,gaussian_sparse,separated_clusters,10000,32,HDBSCAN,hdbscan_generic,49,49,0,1.0,1.0,1.0,1.0,1.0,1.0,6.150086222470106,301.3542249010352,6.0
synthetic,gaussian_sparse-separated-n10000-d32-seed42,synthetic,gaussian_sparse,separated_clusters,10000,32,Optimized HDBSCAN,optimized_hdbscan,49,49,0,1.0,1.0,1.0,1.0,0.9999999405145308,0.999999706824,2.51447339591746,123.20919639995554,6.0
synthetic,gaussian_sparse-separated-n10000-d32-seed42,synthetic,gaussian_sparse,separated_clusters,10000,32,ScoreSG,score_sg,49,49,0,1.0,1.0,1.0,1.0,0.9814698714921636,0.9814687594240004,4.268600582581712,39.2891770270362,6.0
synthetic,gaussian_sparse-separated-n10000-d32-seed42,synthetic,gaussian_sparse,separated_clusters,10000,32,ScoreSG Random,score_sg_random,49,49,0,1.0,1.0,1.0,1.0,0.8888884055681643,0.8888872934999997,4.106380918897731,38.72181337783695,6.0
synthetic,gaussian_sparse-separated-n5000-d2-seed42,synthetic,gaussian_sparse,separated_clusters,5000,2,HDBSCAN,hdbscan_generic,49,49,0,1.0,1.0,0.9797531906105832,0.007906339918577,1.0,1.0,1.660679831246166,81.37331173106213,22.693877551020407
synthetic,gaussian_sparse-separated-n5000-d2-seed42,synthetic,gaussian_sparse,separated_clusters,5000,2,Optimized HDBSCAN,optimized_hdbscan,49,49,0,1.0,1.0,0.9797531906105832,0.007906339918577,0.9999992529547757,0.99999560192,0.2880931241207338,14.116563081915956,22.693877551020407
synthetic,gaussian_sparse-separated-n5000-d2-seed42,synthetic,gaussian_sparse,separated_clusters,5000,2,ScoreSG,score_sg,49,49,0,0.9797531906105832,0.007906339918577,1.0,1.0,0.9999973857142858,0.999984773536,1.81162000604019,14.920911575987702,6.0
synthetic,gaussian_sparse-separated-n5000-d2-seed42,synthetic,gaussian_sparse,separated_clusters,5000,2,ScoreSG Random,score_sg_random,49,49,0,0.9797531906105832,0.007906339918577,1.0,1.0,0.8518493086582851,0.8518366964799998,1.868296007501622,14.67219081611256,6.0
synthetic,gaussian_sparse-separated-n5000-d32-seed42,synthetic,gaussian_sparse,separated_clusters,5000,32,HDBSCAN,hdbscan_generic,49,49,0,1.0,1.0,1.0,1.0,1.0,1.0,1.639318809715665,80.32662167606759,6.0
synthetic,gaussian_sparse-separated-n5000-d32-seed42,synthetic,gaussian_sparse,separated_clusters,5000,32,Optimized HDBSCAN,optimized_hdbscan,49,49,0,1.0,1.0,1.0,1.0,0.9999998761018776,0.9999993816,0.6237967468380016,30.56604059506208,6.0
synthetic,gaussian_sparse-separated-n5000-d32-seed42,synthetic,gaussian_sparse,separated_clusters,5000,32,ScoreSG,score_sg,49,49,0,1.0,1.0,1.0,1.0,0.999999772491102,0.999998786368,1.8942523899366983,15.647330706065986,6.0
synthetic,gaussian_sparse-separated-n5000-d32-seed42,synthetic,gaussian_sparse,separated_clusters,5000,32,ScoreSG Random,score_sg_random,49,49,0,1.0,1.0,1.0,1.0,0.999999772491102,0.999998786368,1.888665079412987,15.516345051961252,6.0
