dataset,family,distribution,structure,variant,n_samples,n_features,seed,normalized,k_min,k_max,n_k_values,connected_all_k,connected_rate,n_components,largest_component_size,smallest_component_size,n_edges,reinforcement_vertex_count,anti_hub_count,cutoff_in_degree,candidate_tie_count,selected_from_ties_degree_only,selected_from_ties_score_tie_break,score_tie_candidate_count,build_seconds,connectivity_check_seconds
gaussian-separated-n1000-d2-seed42,synthetic,gaussian,separated_clusters,approx_knn_only,1000,2,42.0,False,2,50,49,False,0.0,6,167,166,50000,0,31,12,7,3,1,1,0.1516376500003389,0.11459751200163737
gaussian-separated-n1000-d10-seed42,synthetic,gaussian,separated_clusters,approx_knn_only,1000,10,42.0,False,2,50,49,False,0.0,6,167,166,50000,0,31,9,9,6,1,1,0.23172633300055168,0.12459865799974068
gaussian-separated-n1000-d32-seed42,synthetic,gaussian,separated_clusters,approx_knn_only,1000,32,42.0,False,2,50,49,False,0.0,6,167,166,50000,0,31,6,13,5,1,1,0.15106174299944541,0.1165336349986319
gaussian-separated-n1000-d64-seed42,synthetic,gaussian,separated_clusters,approx_knn_only,1000,64,42.0,False,2,50,49,False,0.0,6,167,166,50000,0,31,4,7,7,1,1,0.15027110800292576,0.11093879599866341
gaussian-separated-n5000-d2-seed42,synthetic,gaussian,separated_clusters,approx_knn_only,5000,2,42.0,False,2,50,49,False,0.0,6,834,833,250000,0,70,11,9,6,1,1,0.5082539089999045,0.5856157270027325
gaussian-separated-n5000-d10-seed42,synthetic,gaussian,separated_clusters,approx_knn_only,5000,10,42.0,False,2,50,49,False,0.0,6,834,833,250000,0,70,3,39,23,1,1,0.37436097800309653,0.5306621370000357
gaussian-separated-n5000-d32-seed42,synthetic,gaussian,separated_clusters,approx_knn_only,5000,32,42.0,False,2,50,49,False,0.0,6,834,833,250000,0,70,1,65,28,1,1,0.3522181719999935,0.5332190369990712
gaussian-separated-n5000-d64-seed42,synthetic,gaussian,separated_clusters,approx_knn_only,5000,64,42.0,False,2,50,49,False,0.0,6,834,833,250000,0,70,0,70,70,1,1,0.3686442549987987,0.5704481930006295
gaussian-separated-n10000-d2-seed42,synthetic,gaussian,separated_clusters,approx_knn_only,10000,2,42.0,False,2,50,49,False,0.0,6,1667,1666,500000,0,100,13,19,1,1,1,0.7168063789977168,1.1573165179979696
gaussian-separated-n10000-d10-seed42,synthetic,gaussian,separated_clusters,approx_knn_only,10000,10,42.0,False,2,50,49,False,0.0,6,1667,1666,500000,0,100,2,64,48,1,1,0.6506476199974713,1.1951810419996036
gaussian-separated-n10000-d32-seed42,synthetic,gaussian,separated_clusters,approx_knn_only,10000,32,42.0,False,2,50,49,False,0.0,6,1667,1666,500000,0,100,0,121,100,1,1,0.7331652249995386,1.1353357340012735
gaussian-separated-n10000-d64-seed42,synthetic,gaussian,separated_clusters,approx_knn_only,10000,64,42.0,False,2,50,49,False,0.0,6,1667,1666,500000,0,100,0,237,100,1,1,0.7245545339974342,1.1342221749982855
poisson-separated-n1000-d2-seed42,synthetic,poisson,separated_clusters,approx_knn_only,1000,2,42.0,False,2,50,49,False,0.0,6,167,166,50000,0,31,13,3,3,1,1,0.18808619999981602,0.1266698979998182
poisson-separated-n1000-d10-seed42,synthetic,poisson,separated_clusters,approx_knn_only,1000,10,42.0,False,2,50,49,False,0.0,6,167,166,50000,0,31,6,8,5,1,1,0.15224772399960784,0.11304712600031053
poisson-separated-n1000-d32-seed42,synthetic,poisson,separated_clusters,approx_knn_only,1000,32,42.0,False,2,50,49,False,0.0,6,167,166,50000,0,31,6,12,6,1,1,0.14483755299806944,0.11217132800084073
poisson-separated-n1000-d64-seed42,synthetic,poisson,separated_clusters,approx_knn_only,1000,64,42.0,False,2,50,49,False,0.0,6,167,166,50000,0,31,4,13,4,1,1,0.14500523300011992,0.11617153699990013
poisson-iid-n5000-d2-seed42,synthetic,poisson,iid,approx_knn_only,5000,2,42.0,False,2,50,49,False,0.0,28,2491,51,250000,0,70,0,195,70,32,34,0.356669091997901,0.6150440410019655
poisson-iid-n5000-d2-seed42,synthetic,poisson,iid,random_sqrt_clique,5000,2,42.0,False,2,50,49,False,0.0,9,4448,51,252415,70,70,0,195,70,32,34,0.356669091997901,0.5443687580009282
poisson-iid-n5000-d2-seed42,synthetic,poisson,iid,score_sg_antihub,5000,2,42.0,False,2,50,49,False,0.0,21,2491,51,252415,70,70,0,195,70,32,34,0.356669091997901,0.5494187850017624
poisson-separated-n5000-d2-seed42,synthetic,poisson,separated_clusters,approx_knn_only,5000,2,42.0,False,2,50,49,False,0.0,6,834,833,250000,0,70,13,32,3,2,2,0.38962299400009215,0.548502390000067
poisson-separated-n5000-d10-seed42,synthetic,poisson,separated_clusters,approx_knn_only,5000,10,42.0,False,2,50,49,False,0.0,6,834,833,250000,0,70,4,33,1,1,1,0.36750188400037587,0.5385269399994286
poisson-separated-n5000-d32-seed42,synthetic,poisson,separated_clusters,approx_knn_only,5000,32,42.0,False,2,50,49,False,0.0,6,834,833,250000,0,70,1,65,31,1,1,0.3526043669990031,0.5292274210005417
poisson-separated-n5000-d64-seed42,synthetic,poisson,separated_clusters,approx_knn_only,5000,64,42.0,False,2,50,49,False,0.0,6,834,833,250000,0,70,1,91,1,1,1,0.4454639909999969,0.5569566379999742
poisson-iid-n10000-d2-seed42,synthetic,poisson,iid,approx_knn_only,10000,2,42.0,False,2,50,49,False,0.0,49,3232,52,500000,0,100,0,1190,100,10,22,0.700072186999023,1.300696684000286
poisson-iid-n10000-d2-seed42,synthetic,poisson,iid,random_sqrt_clique,10000,2,42.0,False,2,50,49,False,0.0,15,8635,52,504950,100,100,0,1190,100,10,22,0.700072186999023,1.1381441699995776
poisson-iid-n10000-d2-seed42,synthetic,poisson,iid,score_sg_antihub,10000,2,42.0,False,2,50,49,False,0.0,36,3232,74,504950,100,100,0,1190,100,10,22,0.700072186999023,1.2827522070001578
poisson-separated-n10000-d2-seed42,synthetic,poisson,separated_clusters,approx_knn_only,10000,2,42.0,False,2,50,49,False,0.0,17,1560,54,500000,0,100,9,13,8,1,1,0.7166882829988026,1.1105942360009067
poisson-separated-n10000-d2-seed42,synthetic,poisson,separated_clusters,random_sqrt_clique,10000,2,42.0,False,2,50,49,False,0.0,6,9675,54,504950,100,100,9,13,8,1,1,0.7166882829988026,1.0891451799980132
poisson-separated-n10000-d2-seed42,synthetic,poisson,separated_clusters,score_sg_antihub,10000,2,42.0,False,2,50,49,False,0.0,5,9637,71,504950,100,100,9,13,8,1,1,0.7166882829988026,1.2183678619985585
poisson-separated-n10000-d10-seed42,synthetic,poisson,separated_clusters,approx_knn_only,10000,10,42.0,False,2,50,49,False,0.0,6,1667,1666,500000,0,100,3,51,9,1,1,0.6319570579980791,1.0834207869993406
poisson-separated-n10000-d32-seed42,synthetic,poisson,separated_clusters,approx_knn_only,10000,32,42.0,False,2,50,49,False,0.0,6,1667,1666,500000,0,100,0,109,100,1,1,0.6442003619995376,1.1006311639976047
poisson-separated-n10000-d64-seed42,synthetic,poisson,separated_clusters,approx_knn_only,10000,64,42.0,False,2,50,49,False,0.0,6,1667,1666,500000,0,100,0,227,100,1,1,0.8601354470010847,1.6381407699991541
chi_square-separated-n1000-d2-seed42,synthetic,chi_square,separated_clusters,approx_knn_only,1000,2,42.0,False,2,50,49,False,0.0,4,499,167,50000,0,31,9,6,6,1,1,0.16334328999801073,0.12806413400176098
chi_square-separated-n1000-d10-seed42,synthetic,chi_square,separated_clusters,approx_knn_only,1000,10,42.0,False,2,50,49,False,0.0,6,167,166,50000,0,31,4,4,4,1,1,0.168477408002218,0.11757616499744472
chi_square-separated-n1000-d32-seed42,synthetic,chi_square,separated_clusters,approx_knn_only,1000,32,42.0,False,2,50,49,False,0.0,6,167,166,50000,0,31,1,21,17,1,1,0.15663150399996084,0.10859985599745414
chi_square-separated-n1000-d64-seed42,synthetic,chi_square,separated_clusters,approx_knn_only,1000,64,42.0,False,2,50,49,False,0.0,6,167,166,50000,0,31,1,31,1,1,1,0.2126997109990043,0.111625270001241
chi_square-separated-n5000-d2-seed42,synthetic,chi_square,separated_clusters,approx_knn_only,5000,2,42.0,False,2,50,49,False,0.0,2,2501,2499,250000,0,70,17,9,8,2,2,0.3867394990011235,0.5460725759985507
chi_square-separated-n5000-d10-seed42,synthetic,chi_square,separated_clusters,approx_knn_only,5000,10,42.0,False,2,50,49,False,0.0,6,834,833,250000,0,70,4,32,14,1,1,0.4200392329985334,0.5694430039984582
chi_square-separated-n5000-d32-seed42,synthetic,chi_square,separated_clusters,approx_knn_only,5000,32,42.0,False,2,50,49,False,0.0,6,834,833,250000,0,70,1,77,8,1,1,0.37229110399857746,0.5636945160003961
chi_square-separated-n5000-d64-seed42,synthetic,chi_square,separated_clusters,approx_knn_only,5000,64,42.0,False,2,50,49,False,0.0,6,834,833,250000,0,70,0,206,70,1,1,0.38463146099820733,0.5581116430003021
chi_square-separated-n10000-d2-seed42,synthetic,chi_square,separated_clusters,approx_knn_only,10000,2,42.0,False,2,50,49,False,0.0,4,3334,1666,500000,0,100,17,11,11,1,1,0.7044363950008119,1.1216385569969134
chi_square-separated-n10000-d10-seed42,synthetic,chi_square,separated_clusters,approx_knn_only,10000,10,42.0,False,2,50,49,False,0.0,6,1667,1666,500000,0,100,4,39,19,1,1,0.7226430390001042,1.1153067509985704
chi_square-separated-n10000-d32-seed42,synthetic,chi_square,separated_clusters,approx_knn_only,10000,32,42.0,False,2,50,49,False,0.0,6,1667,1666,500000,0,100,0,130,100,1,1,0.68634227900111,1.0780774380000366
chi_square-separated-n10000-d64-seed42,synthetic,chi_square,separated_clusters,approx_knn_only,10000,64,42.0,False,2,50,49,False,0.0,6,1667,1666,500000,0,100,0,450,100,1,1,0.6824551790014084,1.1070387220024713
gamma-separated-n1000-d2-seed42,synthetic,gamma,separated_clusters,approx_knn_only,1000,2,42.0,False,2,50,49,False,0.0,6,167,166,50000,0,31,10,5,3,1,1,0.14839485400079866,0.11260743299862952
gamma-separated-n1000-d10-seed42,synthetic,gamma,separated_clusters,approx_knn_only,1000,10,42.0,False,2,50,49,False,0.0,6,167,166,50000,0,31,5,9,6,1,1,0.17214611799863633,0.12992031900284928
gamma-separated-n1000-d32-seed42,synthetic,gamma,separated_clusters,approx_knn_only,1000,32,42.0,False,2,50,49,False,0.0,6,167,166,50000,0,31,2,12,5,1,1,0.1740806519992475,0.11327508600152214
gamma-separated-n1000-d64-seed42,synthetic,gamma,separated_clusters,approx_knn_only,1000,64,42.0,False,2,50,49,False,0.0,6,167,166,50000,0,31,1,20,15,1,1,0.1458661700016819,0.1200916559973848
gamma-separated-n5000-d2-seed42,synthetic,gamma,separated_clusters,approx_knn_only,5000,2,42.0,False,2,50,49,False,0.0,6,834,833,250000,0,70,15,6,1,1,1,0.4089465590004693,0.5595077489997493
gamma-separated-n5000-d10-seed42,synthetic,gamma,separated_clusters,approx_knn_only,5000,10,42.0,False,2,50,49,False,0.0,6,834,833,250000,0,70,4,30,7,1,1,0.41780309599926113,0.5513109569983499
gamma-separated-n5000-d32-seed42,synthetic,gamma,separated_clusters,approx_knn_only,5000,32,42.0,False,2,50,49,False,0.0,6,834,833,250000,0,70,1,83,7,1,1,0.36181432900048094,0.5565076429993496
gamma-separated-n5000-d64-seed42,synthetic,gamma,separated_clusters,approx_knn_only,5000,64,42.0,False,2,50,49,False,0.0,6,834,833,250000,0,70,0,190,70,1,1,0.4033287489983195,0.552474768999673
gamma-separated-n10000-d2-seed42,synthetic,gamma,separated_clusters,approx_knn_only,10000,2,42.0,False,2,50,49,False,0.0,5,3333,1666,500000,0,100,18,14,4,1,1,0.6825940570015518,1.2030464909985312
gamma-separated-n10000-d10-seed42,synthetic,gamma,separated_clusters,approx_knn_only,10000,10,42.0,False,2,50,49,False,0.0,6,1667,1666,500000,0,100,3,35,30,1,1,0.7376610339997569,1.1638900480029406
gamma-separated-n10000-d32-seed42,synthetic,gamma,separated_clusters,approx_knn_only,10000,32,42.0,False,2,50,49,False,0.0,6,1667,1666,500000,0,100,0,138,100,1,1,0.6844115839994629,1.1519564970003557
gamma-separated-n10000-d64-seed42,synthetic,gamma,separated_clusters,approx_knn_only,10000,64,42.0,False,2,50,49,False,0.0,6,1667,1666,500000,0,100,0,416,100,1,1,0.8520686740012025,1.1213856149988715
beta-separated-n1000-d2-seed42,synthetic,beta,separated_clusters,approx_knn_only,1000,2,42.0,False,2,50,49,False,0.0,6,167,166,50000,0,31,13,7,7,1,1,0.15865706200202112,0.12229251399912755
beta-separated-n1000-d10-seed42,synthetic,beta,separated_clusters,approx_knn_only,1000,10,42.0,False,2,50,49,False,0.0,6,167,166,50000,0,31,9,6,5,1,1,0.14140723899981822,0.11248753700056113
beta-separated-n1000-d32-seed42,synthetic,beta,separated_clusters,approx_knn_only,1000,32,42.0,False,2,50,49,False,0.0,6,167,166,50000,0,31,6,10,5,1,1,0.13906574299835484,0.1127081980012008
beta-separated-n1000-d64-seed42,synthetic,beta,separated_clusters,approx_knn_only,1000,64,42.0,False,2,50,49,False,0.0,6,167,166,50000,0,31,6,7,4,1,1,0.15203889699841966,0.11653226100315806
beta-separated-n5000-d2-seed42,synthetic,beta,separated_clusters,approx_knn_only,5000,2,42.0,False,2,50,49,False,0.0,6,834,833,250000,0,70,17,15,2,1,2,0.38088911499653477,0.5446282830016571
beta-separated-n5000-d10-seed42,synthetic,beta,separated_clusters,approx_knn_only,5000,10,42.0,False,2,50,49,False,0.0,6,834,833,250000,0,70,6,31,9,1,1,0.3850003949992242,0.5356944140003179
beta-separated-n5000-d32-seed42,synthetic,beta,separated_clusters,approx_knn_only,5000,32,42.0,False,2,50,49,False,0.0,6,834,833,250000,0,70,2,42,17,1,1,0.34852884499923675,0.5471385339988046
beta-separated-n5000-d64-seed42,synthetic,beta,separated_clusters,approx_knn_only,5000,64,42.0,False,2,50,49,False,0.0,6,834,833,250000,0,70,1,65,22,1,1,0.37383169699751306,0.5345970199996373
beta-separated-n10000-d2-seed42,synthetic,beta,separated_clusters,approx_knn_only,10000,2,42.0,False,2,50,49,False,0.0,6,1667,1666,500000,0,100,17,15,12,1,1,0.72614120399885,1.0688462770012848
beta-separated-n10000-d10-seed42,synthetic,beta,separated_clusters,approx_knn_only,10000,10,42.0,False,2,50,49,False,0.0,6,1667,1666,500000,0,100,4,46,44,1,1,0.6752318340004422,1.082985078002821
beta-separated-n10000-d32-seed42,synthetic,beta,separated_clusters,approx_knn_only,10000,32,42.0,False,2,50,49,False,0.0,6,1667,1666,500000,0,100,1,78,44,1,1,0.6375341799976013,1.0667057800019393
beta-separated-n10000-d64-seed42,synthetic,beta,separated_clusters,approx_knn_only,10000,64,42.0,False,2,50,49,False,0.0,6,1667,1666,500000,0,100,0,126,100,1,1,0.6493051340003149,1.095737821997318
von_mises-separated-n1000-d2-seed42,synthetic,von_mises,separated_clusters,approx_knn_only,1000,2,42.0,False,2,50,49,False,0.0,6,167,166,50000,0,31,11,6,2,1,1,0.13784885000131908,0.11480974500227603
von_mises-separated-n1000-d10-seed42,synthetic,von_mises,separated_clusters,approx_knn_only,1000,10,42.0,False,2,50,49,False,0.0,6,167,166,50000,0,31,3,10,10,1,1,0.15675003199794446,0.11332152999966638
von_mises-separated-n1000-d32-seed42,synthetic,von_mises,separated_clusters,approx_knn_only,1000,32,42.0,False,2,50,49,False,0.0,6,167,166,50000,0,31,3,13,13,1,1,0.14687288799905218,0.11128398000073503
von_mises-separated-n1000-d64-seed42,synthetic,von_mises,separated_clusters,approx_knn_only,1000,64,42.0,False,2,50,49,False,0.0,6,167,166,50000,0,31,3,10,2,1,1,0.17629525900338194,0.12726155900236336
von_mises-separated-n5000-d2-seed42,synthetic,von_mises,separated_clusters,approx_knn_only,5000,2,42.0,False,2,50,49,False,0.0,4,1668,833,250000,0,70,10,7,7,1,1,0.4365503449989774,0.6755052730004536
von_mises-separated-n5000-d10-seed42,synthetic,von_mises,separated_clusters,approx_knn_only,5000,10,42.0,False,2,50,49,False,0.0,6,834,833,250000,0,70,2,45,16,1,1,0.44693478499902994,0.6972730029992817
von_mises-separated-n5000-d32-seed42,synthetic,von_mises,separated_clusters,approx_knn_only,5000,32,42.0,False,2,50,49,False,0.0,6,834,833,250000,0,70,0,89,70,1,1,0.412667282998882,0.6639529579988448
von_mises-separated-n5000-d64-seed42,synthetic,von_mises,separated_clusters,approx_knn_only,5000,64,42.0,False,2,50,49,False,0.0,6,834,833,250000,0,70,0,168,70,1,1,0.421665434998431,0.6634701650000352
von_mises-separated-n10000-d2-seed42,synthetic,von_mises,separated_clusters,approx_knn_only,10000,2,42.0,False,2,50,49,False,0.0,5,3334,1666,500000,0,100,10,16,14,1,1,0.7333719939997536,1.1884860720019788
von_mises-separated-n10000-d10-seed42,synthetic,von_mises,separated_clusters,approx_knn_only,10000,10,42.0,False,2,50,49,False,0.0,6,1667,1666,500000,0,100,1,65,64,1,1,0.6855215470022813,1.1648945050001203
von_mises-separated-n10000-d32-seed42,synthetic,von_mises,separated_clusters,approx_knn_only,10000,32,42.0,False,2,50,49,False,0.0,6,1667,1666,500000,0,100,0,216,100,1,1,0.7068552009986888,1.1835437650006497
von_mises-separated-n10000-d64-seed42,synthetic,von_mises,separated_clusters,approx_knn_only,10000,64,42.0,False,2,50,49,False,0.0,6,1667,1666,500000,0,100,0,428,100,1,1,0.9988077980015078,1.0994454270003189
gumbel-separated-n1000-d2-seed42,synthetic,gumbel,separated_clusters,approx_knn_only,1000,2,42.0,False,2,50,49,False,0.0,6,167,166,50000,0,31,10,8,5,1,1,0.16782567400150583,0.10790962499959278
gumbel-separated-n1000-d10-seed42,synthetic,gumbel,separated_clusters,approx_knn_only,1000,10,42.0,False,2,50,49,False,0.0,6,167,166,50000,0,31,5,16,3,1,1,0.1449123279999185,0.11326766400088673
gumbel-separated-n1000-d32-seed42,synthetic,gumbel,separated_clusters,approx_knn_only,1000,32,42.0,False,2,50,49,False,0.0,6,167,166,50000,0,31,2,15,8,1,1,0.14553756899840664,0.11111064199940301
gumbel-separated-n1000-d64-seed42,synthetic,gumbel,separated_clusters,approx_knn_only,1000,64,42.0,False,2,50,49,False,0.0,6,167,166,50000,0,31,1,27,17,1,1,0.14312475499900756,0.12197734999790555
gumbel-separated-n5000-d2-seed42,synthetic,gumbel,separated_clusters,approx_knn_only,5000,2,42.0,False,2,50,49,False,0.0,4,2499,833,250000,0,70,13,14,6,1,1,0.38536664200000814,0.5326900979998754
gumbel-separated-n5000-d10-seed42,synthetic,gumbel,separated_clusters,approx_knn_only,5000,10,42.0,False,2,50,49,False,0.0,6,834,833,250000,0,70,3,28,19,1,1,0.42180419899887056,0.6484389639990695
gumbel-separated-n5000-d32-seed42,synthetic,gumbel,separated_clusters,approx_knn_only,5000,32,42.0,False,2,50,49,False,0.0,6,834,833,250000,0,70,1,117,2,1,1,0.40460703300050227,0.6527920920016186
gumbel-separated-n5000-d64-seed42,synthetic,gumbel,separated_clusters,approx_knn_only,5000,64,42.0,False,2,50,49,False,0.0,6,834,833,250000,0,70,0,180,70,1,1,0.39928048100046,0.5989547210010642
gumbel-separated-n10000-d2-seed42,synthetic,gumbel,separated_clusters,approx_knn_only,10000,2,42.0,False,2,50,49,False,0.0,5,3334,1666,500000,0,100,13,20,16,1,1,0.7890135919988097,1.0818274789999123
gumbel-separated-n10000-d10-seed42,synthetic,gumbel,separated_clusters,approx_knn_only,10000,10,42.0,False,2,50,49,False,0.0,6,1667,1666,500000,0,100,3,40,23,1,1,0.8200551199988695,1.2421311610014527
gumbel-separated-n10000-d32-seed42,synthetic,gumbel,separated_clusters,approx_knn_only,10000,32,42.0,False,2,50,49,False,0.0,6,1667,1666,500000,0,100,0,166,100,1,1,0.6497330300007889,1.1015635010007827
gumbel-separated-n10000-d64-seed42,synthetic,gumbel,separated_clusters,approx_knn_only,10000,64,42.0,False,2,50,49,False,0.0,6,1667,1666,500000,0,100,0,444,100,1,1,0.8030085440004768,1.2744126289981068
logistic-separated-n1000-d2-seed42,synthetic,logistic,separated_clusters,approx_knn_only,1000,2,42.0,False,2,50,49,False,0.0,6,167,166,50000,0,31,8,5,5,1,1,0.16221953700005542,0.13007076000212692
logistic-separated-n1000-d10-seed42,synthetic,logistic,separated_clusters,approx_knn_only,1000,10,42.0,False,2,50,49,False,0.0,6,167,166,50000,0,31,4,8,5,1,1,0.193328230001498,0.14222837899797014
logistic-separated-n1000-d32-seed42,synthetic,logistic,separated_clusters,approx_knn_only,1000,32,42.0,False,2,50,49,False,0.0,6,167,166,50000,0,31,3,12,8,1,1,0.14599571600047057,0.13251977099935175
logistic-separated-n1000-d64-seed42,synthetic,logistic,separated_clusters,approx_knn_only,1000,64,42.0,False,2,50,49,False,0.0,6,167,166,50000,0,31,2,13,8,1,1,0.18993291999868234,0.1414653299980273
logistic-separated-n5000-d2-seed42,synthetic,logistic,separated_clusters,approx_knn_only,5000,2,42.0,False,2,50,49,False,0.0,6,834,833,250000,0,70,10,13,8,2,2,0.4315795969996543,0.6478501389974554
logistic-separated-n5000-d10-seed42,synthetic,logistic,separated_clusters,approx_knn_only,5000,10,42.0,False,2,50,49,False,0.0,6,834,833,250000,0,70,2,48,4,1,1,0.409683400997892,0.6455080220002856
logistic-separated-n5000-d32-seed42,synthetic,logistic,separated_clusters,approx_knn_only,5000,32,42.0,False,2,50,49,False,0.0,6,834,833,250000,0,70,0,113,70,1,1,0.37325379499816336,0.634000901998661
logistic-separated-n5000-d64-seed42,synthetic,logistic,separated_clusters,approx_knn_only,5000,64,42.0,False,2,50,49,False,0.0,6,834,833,250000,0,70,0,227,70,1,1,0.3755123459995957,0.553225495001243
logistic-separated-n10000-d2-seed42,synthetic,logistic,separated_clusters,approx_knn_only,10000,2,42.0,False,2,50,49,False,0.0,6,1667,1666,500000,0,100,11,19,10,1,1,0.741076398997393,1.076077048001025
logistic-separated-n10000-d10-seed42,synthetic,logistic,separated_clusters,approx_knn_only,10000,10,42.0,False,2,50,49,False,0.0,6,1667,1666,500000,0,100,1,82,57,1,1,0.7415333429999009,1.0773930540017318
logistic-separated-n10000-d32-seed42,synthetic,logistic,separated_clusters,approx_knn_only,10000,32,42.0,False,2,50,49,False,0.0,6,1667,1666,500000,0,100,0,310,100,1,1,0.7952315929978795,1.2654280560018378
logistic-separated-n10000-d64-seed42,synthetic,logistic,separated_clusters,approx_knn_only,10000,64,42.0,False,2,50,49,False,0.0,6,1667,1666,500000,0,100,0,573,100,1,1,0.8153978529990127,1.3009533059994283
gaussian_sparse-separated-n1000-d10-seed42,synthetic,gaussian_sparse,separated_clusters,approx_knn_only,1000,10,42.0,False,2,50,49,False,0.0,6,167,166,50000,0,31,0,85,31,7,8,0.14069483599814703,0.13006917900202097
gaussian_sparse-separated-n1000-d32-seed42,synthetic,gaussian_sparse,separated_clusters,approx_knn_only,1000,32,42.0,False,2,50,49,False,0.0,6,167,166,50000,0,31,0,70,31,1,1,0.15175835299669416,0.13345212599961087
gaussian_sparse-separated-n1000-d64-seed42,synthetic,gaussian_sparse,separated_clusters,approx_knn_only,1000,64,42.0,False,2,50,49,False,0.0,6,167,166,50000,0,31,0,109,31,1,1,0.15059699600169552,0.1165744360005192
gaussian_sparse-separated-n5000-d10-seed42,synthetic,gaussian_sparse,separated_clusters,approx_knn_only,5000,10,42.0,False,2,50,49,False,0.0,5,1667,833,250000,0,70,0,495,70,11,15,0.3856386659972486,0.5644593210017774
gaussian_sparse-separated-n5000-d10-seed42,synthetic,gaussian_sparse,separated_clusters,score_sg_antihub,5000,10,42.0,False,2,50,49,False,0.0,3,3334,833,252415,70,70,0,495,70,11,15,0.3856386659972486,0.5428845780006668
gaussian_sparse-separated-n5000-d32-seed42,synthetic,gaussian_sparse,separated_clusters,approx_knn_only,5000,32,42.0,False,2,50,49,False,0.0,6,834,833,250000,0,70,0,111,70,1,1,0.5096080000002985,0.5585297329998866
gaussian_sparse-separated-n5000-d64-seed42,synthetic,gaussian_sparse,separated_clusters,approx_knn_only,5000,64,42.0,False,2,50,49,False,0.0,6,834,833,250000,0,70,0,534,70,1,1,0.47768935700150905,0.6213870020001195
gaussian_sparse-iid-n10000-d2-seed42,synthetic,gaussian_sparse,iid,approx_knn_only,10000,2,42.0,False,2,50,49,False,0.0,4,9648,113,500000,0,100,0,5029,100,49,54,0.7705072730022948,1.104880150000099
gaussian_sparse-iid-n10000-d2-seed42,synthetic,gaussian_sparse,iid,random_sqrt_clique,10000,2,42.0,False,2,50,49,False,0.0,2,9887,113,504950,100,100,0,5029,100,49,54,0.7705072730022948,1.0759310979992733
gaussian_sparse-iid-n10000-d2-seed42,synthetic,gaussian_sparse,iid,score_sg_antihub,10000,2,42.0,False,2,50,49,False,0.0,4,9648,113,504950,100,100,0,5029,100,49,54,0.7705072730022948,1.1362445160011703
gaussian_sparse-separated-n10000-d10-seed42,synthetic,gaussian_sparse,separated_clusters,approx_knn_only,10000,10,42.0,False,2,50,49,False,0.0,2,6667,3333,500000,0,100,0,1223,100,3,19,0.7718234550011402,1.0991012999984378
gaussian_sparse-separated-n10000-d32-seed42,synthetic,gaussian_sparse,separated_clusters,approx_knn_only,10000,32,42.0,False,2,50,49,False,0.0,6,1667,1666,500000,0,100,0,150,100,1,1,0.905882680999639,1.2485067769994203
gaussian_sparse-separated-n10000-d64-seed42,synthetic,gaussian_sparse,separated_clusters,approx_knn_only,10000,64,42.0,False,2,50,49,False,0.0,6,1667,1666,500000,0,100,0,781,100,1,1,1.0399228720016254,1.288023178000003
