label,method,family,algorithm,fit_match_reference_implementation,extract_match_reference_implementation,approx_min_span_tree,k,fit_seconds,extract_seconds,total_seconds,fit_seconds_std,extract_seconds_std,total_seconds_std,repetitions,n_clusters_found,n_samples,n_features,centers,seed,k_max
core_sg_cython,HDBSCAN_algorithm_generic_matchRef_true,HDBSCAN,generic,True,,False,50,6.501376657036599,,6.501376657036599,0.06202260163057475,,0.06202260163057475,30,10,10000,20,10,42,50
core_sg_cython,HDBSCAN_algorithm_generic_matchRef_true,HDBSCAN,generic,True,,False,49,6.44886804104317,,6.44886804104317,0.041883297657904675,,0.041883297657904675,30,10,10000,20,10,42,50
core_sg_cython,HDBSCAN_algorithm_generic_matchRef_true,HDBSCAN,generic,True,,False,48,6.444314500413991,,6.444314500413991,0.038484383993925,,0.038484383993925,30,10,10000,20,10,42,50
core_sg_cython,HDBSCAN_algorithm_generic_matchRef_true,HDBSCAN,generic,True,,False,47,6.469197758667481,,6.469197758667481,0.043730051218085,,0.043730051218085,30,10,10000,20,10,42,50
core_sg_cython,HDBSCAN_algorithm_generic_matchRef_true,HDBSCAN,generic,True,,False,46,6.375318710137313,,6.375318710137313,0.0594710128554742,,0.0594710128554742,30,10,10000,20,10,42,50
core_sg_cython,HDBSCAN_algorithm_generic_matchRef_true,HDBSCAN,generic,True,,False,45,6.459178290360918,,6.459178290360918,0.04674869195535748,,0.04674869195535748,30,10,10000,20,10,42,50
core_sg_cython,HDBSCAN_algorithm_generic_matchRef_true,HDBSCAN,generic,True,,False,44,6.432945417705923,,6.432945417705923,0.035262540739901045,,0.035262540739901045,30,10,10000,20,10,42,50
core_sg_cython,HDBSCAN_algorithm_generic_matchRef_true,HDBSCAN,generic,True,,False,43,6.399211862229277,,6.399211862229277,0.06369153408609915,,0.06369153408609915,30,10,10000,20,10,42,50
core_sg_cython,HDBSCAN_algorithm_generic_matchRef_true,HDBSCAN,generic,True,,False,42,6.438992108955669,,6.438992108955669,0.052642117317363894,,0.052642117317363894,30,10,10000,20,10,42,50
core_sg_cython,HDBSCAN_algorithm_generic_matchRef_true,HDBSCAN,generic,True,,False,41,6.417284588100544,,6.417284588100544,0.06134060506339427,,0.06134060506339427,30,10,10000,20,10,42,50
core_sg_cython,HDBSCAN_algorithm_generic_matchRef_true,HDBSCAN,generic,True,,False,40,6.39128719830187,,6.39128719830187,0.06323133932437205,,0.06323133932437205,30,10,10000,20,10,42,50
core_sg_cython,HDBSCAN_algorithm_generic_matchRef_true,HDBSCAN,generic,True,,False,39,6.382174018397928,,6.382174018397928,0.061993235595908025,,0.061993235595908025,30,10,10000,20,10,42,50
core_sg_cython,HDBSCAN_algorithm_generic_matchRef_true,HDBSCAN,generic,True,,False,38,6.389844011732688,,6.389844011732688,0.043103691359948265,,0.043103691359948265,30,10,10000,20,10,42,50
core_sg_cython,HDBSCAN_algorithm_generic_matchRef_true,HDBSCAN,generic,True,,False,37,6.344226102802592,,6.344226102802592,0.04606684317814487,,0.04606684317814487,30,10,10000,20,10,42,50
core_sg_cython,HDBSCAN_algorithm_generic_matchRef_true,HDBSCAN,generic,True,,False,36,6.349655720125884,,6.349655720125884,0.03336356584157369,,0.03336356584157369,30,10,10000,20,10,42,50
core_sg_cython,HDBSCAN_algorithm_generic_matchRef_true,HDBSCAN,generic,True,,False,35,6.269205667105658,,6.269205667105658,0.024007505723699397,,0.024007505723699397,30,10,10000,20,10,42,50
core_sg_cython,HDBSCAN_algorithm_generic_matchRef_true,HDBSCAN,generic,True,,False,34,6.279347094815845,,6.279347094815845,0.027456659063578283,,0.027456659063578283,30,10,10000,20,10,42,50
core_sg_cython,HDBSCAN_algorithm_generic_matchRef_true,HDBSCAN,generic,True,,False,33,6.288533916840485,,6.288533916840485,0.026362918811237427,,0.026362918811237427,30,10,10000,20,10,42,50
core_sg_cython,HDBSCAN_algorithm_generic_matchRef_true,HDBSCAN,generic,True,,False,32,6.2983823883308405,,6.2983823883308405,0.021758119474911287,,0.021758119474911287,30,10,10000,20,10,42,50
core_sg_cython,HDBSCAN_algorithm_generic_matchRef_true,HDBSCAN,generic,True,,False,31,6.3013014314075315,,6.3013014314075315,0.02339594879447865,,0.02339594879447865,30,10,10000,20,10,42,50
core_sg_cython,HDBSCAN_algorithm_generic_matchRef_true,HDBSCAN,generic,True,,False,30,6.311696203864025,,6.311696203864025,0.03954560874464147,,0.03954560874464147,30,10,10000,20,10,42,50
core_sg_cython,HDBSCAN_algorithm_generic_matchRef_true,HDBSCAN,generic,True,,False,29,6.305548973944194,,6.305548973944194,0.022207855248632127,,0.022207855248632127,30,10,10000,20,10,42,50
core_sg_cython,HDBSCAN_algorithm_generic_matchRef_true,HDBSCAN,generic,True,,False,28,6.280850488502377,,6.280850488502377,0.03019997160796651,,0.03019997160796651,30,10,10000,20,10,42,50
core_sg_cython,HDBSCAN_algorithm_generic_matchRef_true,HDBSCAN,generic,True,,False,27,6.295586806566765,,6.295586806566765,0.042262954045482796,,0.042262954045482796,30,10,10000,20,10,42,50
core_sg_cython,HDBSCAN_algorithm_generic_matchRef_true,HDBSCAN,generic,True,,False,26,6.291822029231116,,6.291822029231116,0.02982910416697918,,0.02982910416697918,30,10,10000,20,10,42,50
core_sg_cython,HDBSCAN_algorithm_generic_matchRef_true,HDBSCAN,generic,True,,False,25,6.353480052330997,,6.353480052330997,0.030566303023917236,,0.030566303023917236,30,10,10000,20,10,42,50
core_sg_cython,HDBSCAN_algorithm_generic_matchRef_true,HDBSCAN,generic,True,,False,24,6.374690013631092,,6.374690013631092,0.02184522712126285,,0.02184522712126285,30,10,10000,20,10,42,50
core_sg_cython,HDBSCAN_algorithm_generic_matchRef_true,HDBSCAN,generic,True,,False,23,6.3629640912675915,,6.3629640912675915,0.04002228760209253,,0.04002228760209253,30,10,10000,20,10,42,50
core_sg_cython,HDBSCAN_algorithm_generic_matchRef_true,HDBSCAN,generic,True,,False,22,6.381016858337292,,6.381016858337292,0.02431875445505183,,0.02431875445505183,30,10,10000,20,10,42,50
core_sg_cython,HDBSCAN_algorithm_generic_matchRef_true,HDBSCAN,generic,True,,False,21,6.3664046198905755,,6.3664046198905755,0.02206500957646365,,0.02206500957646365,30,10,10000,20,10,42,50
core_sg_cython,HDBSCAN_algorithm_generic_matchRef_true,HDBSCAN,generic,True,,False,20,6.320629134704359,,6.320629134704359,0.05827383299078575,,0.05827383299078575,30,10,10000,20,10,42,50
core_sg_cython,HDBSCAN_algorithm_generic_matchRef_true,HDBSCAN,generic,True,,False,19,6.366469990590121,,6.366469990590121,0.022685866070906748,,0.022685866070906748,30,10,10000,20,10,42,50
core_sg_cython,HDBSCAN_algorithm_generic_matchRef_true,HDBSCAN,generic,True,,False,18,6.280501670669764,,6.280501670669764,0.030113531888714625,,0.030113531888714625,30,10,10000,20,10,42,50
core_sg_cython,HDBSCAN_algorithm_generic_matchRef_true,HDBSCAN,generic,True,,False,17,6.349214595579542,,6.349214595579542,0.04080353956472259,,0.04080353956472259,30,10,10000,20,10,42,50
core_sg_cython,HDBSCAN_algorithm_generic_matchRef_true,HDBSCAN,generic,True,,False,16,6.322962567730186,,6.322962567730186,0.03593469326135152,,0.03593469326135152,30,10,10000,20,10,42,50
core_sg_cython,HDBSCAN_algorithm_generic_matchRef_true,HDBSCAN,generic,True,,False,15,6.33442381597124,,6.33442381597124,0.04897427482961105,,0.04897427482961105,30,10,10000,20,10,42,50
core_sg_cython,HDBSCAN_algorithm_generic_matchRef_true,HDBSCAN,generic,True,,False,14,6.3659167601688145,,6.3659167601688145,0.022005734472052133,,0.022005734472052133,30,10,10000,20,10,42,50
core_sg_cython,HDBSCAN_algorithm_generic_matchRef_true,HDBSCAN,generic,True,,False,13,6.36882736387973,,6.36882736387973,0.017991406744700362,,0.017991406744700362,30,10,10000,20,10,42,50
core_sg_cython,HDBSCAN_algorithm_generic_matchRef_true,HDBSCAN,generic,True,,False,12,6.3423861093819145,,6.3423861093819145,0.026298548342397282,,0.026298548342397282,30,10,10000,20,10,42,50
core_sg_cython,HDBSCAN_algorithm_generic_matchRef_true,HDBSCAN,generic,True,,False,11,6.3103656807138275,,6.3103656807138275,0.04780362829621754,,0.04780362829621754,30,10,10000,20,10,42,50
core_sg_cython,HDBSCAN_algorithm_generic_matchRef_true,HDBSCAN,generic,True,,False,10,6.290041700964017,,6.290041700964017,0.034818735605937574,,0.034818735605937574,30,10,10000,20,10,42,50
core_sg_cython,HDBSCAN_algorithm_generic_matchRef_true,HDBSCAN,generic,True,,False,9,6.266724192129914,,6.266724192129914,0.02209933173607884,,0.02209933173607884,30,10,10000,20,10,42,50
core_sg_cython,HDBSCAN_algorithm_generic_matchRef_true,HDBSCAN,generic,True,,False,8,6.298893797816708,,6.298893797816708,0.0371720077321072,,0.0371720077321072,30,10,10000,20,10,42,50
core_sg_cython,HDBSCAN_algorithm_generic_matchRef_true,HDBSCAN,generic,True,,False,7,6.318339909128069,,6.318339909128069,0.029473923648960176,,0.029473923648960176,30,10,10000,20,10,42,50
core_sg_cython,HDBSCAN_algorithm_generic_matchRef_true,HDBSCAN,generic,True,,False,6,6.373976414386804,,6.373976414386804,0.03333902103916005,,0.03333902103916005,30,10,10000,20,10,42,50
core_sg_cython,HDBSCAN_algorithm_generic_matchRef_true,HDBSCAN,generic,True,,False,5,6.387749334517866,,6.387749334517866,0.09015013671625624,,0.09015013671625624,30,10,10000,20,10,42,50
core_sg_cython,HDBSCAN_algorithm_generic_matchRef_true,HDBSCAN,generic,True,,False,4,6.343820588193679,,6.343820588193679,0.06184079114765181,,0.06184079114765181,30,10,10000,20,10,42,50
core_sg_cython,HDBSCAN_algorithm_generic_matchRef_true,HDBSCAN,generic,True,,False,3,6.297169543558266,,6.297169543558266,0.025256965137300174,,0.025256965137300174,30,10,10000,20,10,42,50
core_sg_cython,HDBSCAN_algorithm_generic_matchRef_true,HDBSCAN,generic,True,,False,2,6.369147029169835,,6.369147029169835,0.02129520408962183,,0.02129520408962183,30,10,10000,20,10,42,50
core_sg_cython,HDBSCAN_algorithm_generic_matchRef_false,HDBSCAN,generic,False,,False,50,6.100953798597524,,6.100953798597524,0.025116942979294295,,0.025116942979294295,30,10,10000,20,10,42,50
core_sg_cython,HDBSCAN_algorithm_generic_matchRef_false,HDBSCAN,generic,False,,False,49,6.157163220426688,,6.157163220426688,0.05044821763152062,,0.05044821763152062,30,10,10000,20,10,42,50
core_sg_cython,HDBSCAN_algorithm_generic_matchRef_false,HDBSCAN,generic,False,,False,48,6.197666684848567,,6.197666684848567,0.03193575412538851,,0.03193575412538851,30,10,10000,20,10,42,50
core_sg_cython,HDBSCAN_algorithm_generic_matchRef_false,HDBSCAN,generic,False,,False,47,6.162808888327951,,6.162808888327951,0.05060102303694305,,0.05060102303694305,30,10,10000,20,10,42,50
core_sg_cython,HDBSCAN_algorithm_generic_matchRef_false,HDBSCAN,generic,False,,False,46,6.1039259786329545,,6.1039259786329545,0.015901728384648692,,0.015901728384648692,30,10,10000,20,10,42,50
core_sg_cython,HDBSCAN_algorithm_generic_matchRef_false,HDBSCAN,generic,False,,False,45,6.135197751371501,,6.135197751371501,0.05235848580049062,,0.05235848580049062,30,10,10000,20,10,42,50
core_sg_cython,HDBSCAN_algorithm_generic_matchRef_false,HDBSCAN,generic,False,,False,44,6.167769508610945,,6.167769508610945,0.05711986379049315,,0.05711986379049315,30,10,10000,20,10,42,50
core_sg_cython,HDBSCAN_algorithm_generic_matchRef_false,HDBSCAN,generic,False,,False,43,6.146064224812047,,6.146064224812047,0.04913938043300496,,0.04913938043300496,30,10,10000,20,10,42,50
core_sg_cython,HDBSCAN_algorithm_generic_matchRef_false,HDBSCAN,generic,False,,False,42,6.176342596393079,,6.176342596393079,0.020909081495322532,,0.020909081495322532,30,10,10000,20,10,42,50
core_sg_cython,HDBSCAN_algorithm_generic_matchRef_false,HDBSCAN,generic,False,,False,41,6.163737399468664,,6.163737399468664,0.03711209331535036,,0.03711209331535036,30,10,10000,20,10,42,50
core_sg_cython,HDBSCAN_algorithm_generic_matchRef_false,HDBSCAN,generic,False,,False,40,6.1309321268306425,,6.1309321268306425,0.05005892410552171,,0.05005892410552171,30,10,10000,20,10,42,50
core_sg_cython,HDBSCAN_algorithm_generic_matchRef_false,HDBSCAN,generic,False,,False,39,6.108608750587639,,6.108608750587639,0.03947549249231789,,0.03947549249231789,30,10,10000,20,10,42,50
core_sg_cython,HDBSCAN_algorithm_generic_matchRef_false,HDBSCAN,generic,False,,False,38,6.1149942682900775,,6.1149942682900775,0.04114662744120011,,0.04114662744120011,30,10,10000,20,10,42,50
core_sg_cython,HDBSCAN_algorithm_generic_matchRef_false,HDBSCAN,generic,False,,False,37,6.122639234406718,,6.122639234406718,0.04388239859373458,,0.04388239859373458,30,10,10000,20,10,42,50
core_sg_cython,HDBSCAN_algorithm_generic_matchRef_false,HDBSCAN,generic,False,,False,36,6.137183078452169,,6.137183078452169,0.04333998518600641,,0.04333998518600641,30,10,10000,20,10,42,50
core_sg_cython,HDBSCAN_algorithm_generic_matchRef_false,HDBSCAN,generic,False,,False,35,6.125479303125758,,6.125479303125758,0.02174272457688437,,0.02174272457688437,30,10,10000,20,10,42,50
core_sg_cython,HDBSCAN_algorithm_generic_matchRef_false,HDBSCAN,generic,False,,False,34,6.1198592732350034,,6.1198592732350034,0.029266623724620335,,0.029266623724620335,30,10,10000,20,10,42,50
core_sg_cython,HDBSCAN_algorithm_generic_matchRef_false,HDBSCAN,generic,False,,False,33,6.1152394144330176,,6.1152394144330176,0.027397976351065896,,0.027397976351065896,30,10,10000,20,10,42,50
core_sg_cython,HDBSCAN_algorithm_generic_matchRef_false,HDBSCAN,generic,False,,False,32,6.128756783487431,,6.128756783487431,0.028301479965797682,,0.028301479965797682,30,10,10000,20,10,42,50
core_sg_cython,HDBSCAN_algorithm_generic_matchRef_false,HDBSCAN,generic,False,,False,31,6.171161521629741,,6.171161521629741,0.05438279812555791,,0.05438279812555791,30,10,10000,20,10,42,50
core_sg_cython,HDBSCAN_algorithm_generic_matchRef_false,HDBSCAN,generic,False,,False,30,6.1185426219715735,,6.1185426219715735,0.015780838981255155,,0.015780838981255155,30,10,10000,20,10,42,50
core_sg_cython,HDBSCAN_algorithm_generic_matchRef_false,HDBSCAN,generic,False,,False,29,6.109157109834874,,6.109157109834874,0.03631056722064276,,0.03631056722064276,30,10,10000,20,10,42,50
core_sg_cython,HDBSCAN_algorithm_generic_matchRef_false,HDBSCAN,generic,False,,False,28,6.130209012768076,,6.130209012768076,0.037896721259442524,,0.037896721259442524,30,10,10000,20,10,42,50
core_sg_cython,HDBSCAN_algorithm_generic_matchRef_false,HDBSCAN,generic,False,,False,27,6.09262045059974,,6.09262045059974,0.04143694556326942,,0.04143694556326942,30,10,10000,20,10,42,50
core_sg_cython,HDBSCAN_algorithm_generic_matchRef_false,HDBSCAN,generic,False,,False,26,6.087560205204257,,6.087560205204257,0.021934514019112214,,0.021934514019112214,30,10,10000,20,10,42,50
core_sg_cython,HDBSCAN_algorithm_generic_matchRef_false,HDBSCAN,generic,False,,False,25,6.102240269068473,,6.102240269068473,0.04397504468278277,,0.04397504468278277,30,10,10000,20,10,42,50
core_sg_cython,HDBSCAN_algorithm_generic_matchRef_false,HDBSCAN,generic,False,,False,24,6.085586918502425,,6.085586918502425,0.022272617420022428,,0.022272617420022428,30,10,10000,20,10,42,50
core_sg_cython,HDBSCAN_algorithm_generic_matchRef_false,HDBSCAN,generic,False,,False,23,6.093165206800525,,6.093165206800525,0.039572404463495504,,0.039572404463495504,30,10,10000,20,10,42,50
core_sg_cython,HDBSCAN_algorithm_generic_matchRef_false,HDBSCAN,generic,False,,False,22,6.0697374912017645,,6.0697374912017645,0.039930359155145125,,0.039930359155145125,30,10,10000,20,10,42,50
core_sg_cython,HDBSCAN_algorithm_generic_matchRef_false,HDBSCAN,generic,False,,False,21,6.093560164736118,,6.093560164736118,0.02947717310204681,,0.02947717310204681,30,10,10000,20,10,42,50
core_sg_cython,HDBSCAN_algorithm_generic_matchRef_false,HDBSCAN,generic,False,,False,20,6.12074890002065,,6.12074890002065,0.03660291530022803,,0.03660291530022803,30,10,10000,20,10,42,50
core_sg_cython,HDBSCAN_algorithm_generic_matchRef_false,HDBSCAN,generic,False,,False,19,6.095225373430488,,6.095225373430488,0.039681170713672116,,0.039681170713672116,30,10,10000,20,10,42,50
core_sg_cython,HDBSCAN_algorithm_generic_matchRef_false,HDBSCAN,generic,False,,False,18,6.094539734282686,,6.094539734282686,0.028216201588627227,,0.028216201588627227,30,10,10000,20,10,42,50
core_sg_cython,HDBSCAN_algorithm_generic_matchRef_false,HDBSCAN,generic,False,,False,17,6.120726161671337,,6.120726161671337,0.03486761074572079,,0.03486761074572079,30,10,10000,20,10,42,50
core_sg_cython,HDBSCAN_algorithm_generic_matchRef_false,HDBSCAN,generic,False,,False,16,6.080407592619304,,6.080407592619304,0.027396558982531242,,0.027396558982531242,30,10,10000,20,10,42,50
core_sg_cython,HDBSCAN_algorithm_generic_matchRef_false,HDBSCAN,generic,False,,False,15,6.091102218593005,,6.091102218593005,0.027324494022313878,,0.027324494022313878,30,10,10000,20,10,42,50
core_sg_cython,HDBSCAN_algorithm_generic_matchRef_false,HDBSCAN,generic,False,,False,14,6.0857794581834845,,6.0857794581834845,0.03641387042669019,,0.03641387042669019,30,10,10000,20,10,42,50
core_sg_cython,HDBSCAN_algorithm_generic_matchRef_false,HDBSCAN,generic,False,,False,13,6.1018892717198465,,6.1018892717198465,0.02870943609502217,,0.02870943609502217,30,10,10000,20,10,42,50
core_sg_cython,HDBSCAN_algorithm_generic_matchRef_false,HDBSCAN,generic,False,,False,12,6.104829924739898,,6.104829924739898,0.027802787946729662,,0.027802787946729662,30,10,10000,20,10,42,50
core_sg_cython,HDBSCAN_algorithm_generic_matchRef_false,HDBSCAN,generic,False,,False,11,6.097743507133176,,6.097743507133176,0.032408928658888635,,0.032408928658888635,30,10,10000,20,10,42,50
core_sg_cython,HDBSCAN_algorithm_generic_matchRef_false,HDBSCAN,generic,False,,False,10,6.176002296572551,,6.176002296572551,0.019745160767768836,,0.019745160767768836,30,10,10000,20,10,42,50
core_sg_cython,HDBSCAN_algorithm_generic_matchRef_false,HDBSCAN,generic,False,,False,9,6.100318931066431,,6.100318931066431,0.049479030143555765,,0.049479030143555765,30,10,10000,20,10,42,50
core_sg_cython,HDBSCAN_algorithm_generic_matchRef_false,HDBSCAN,generic,False,,False,8,6.091840108383137,,6.091840108383137,0.038802515233087115,,0.038802515233087115,30,10,10000,20,10,42,50
core_sg_cython,HDBSCAN_algorithm_generic_matchRef_false,HDBSCAN,generic,False,,False,7,6.101900902440927,,6.101900902440927,0.04768336706253783,,0.04768336706253783,30,10,10000,20,10,42,50
core_sg_cython,HDBSCAN_algorithm_generic_matchRef_false,HDBSCAN,generic,False,,False,6,6.10982476665716,,6.10982476665716,0.045186734898390694,,0.045186734898390694,30,10,10000,20,10,42,50
core_sg_cython,HDBSCAN_algorithm_generic_matchRef_false,HDBSCAN,generic,False,,False,5,6.078064993396401,,6.078064993396401,0.025458927174730365,,0.025458927174730365,30,10,10000,20,10,42,50
core_sg_cython,HDBSCAN_algorithm_generic_matchRef_false,HDBSCAN,generic,False,,False,4,6.0938014054554515,,6.0938014054554515,0.03168486150548343,,0.03168486150548343,30,10,10000,20,10,42,50
core_sg_cython,HDBSCAN_algorithm_generic_matchRef_false,HDBSCAN,generic,False,,False,3,6.097528578903681,,6.097528578903681,0.04133643110454865,,0.04133643110454865,30,10,10000,20,10,42,50
core_sg_cython,HDBSCAN_algorithm_generic_matchRef_false,HDBSCAN,generic,False,,False,2,6.1942887866675544,,6.1942887866675544,0.031436014119075734,,0.031436014119075734,30,10,10000,20,10,42,50
core_sg_cython,CoreSG_fitMatchRef_true_extractMatchRef_true,CoreSG,core_sg,True,True,False,50,9.581393142599458,9.734334889799357e-06,9.581402876934348,0.047277175102317444,1.582263943357842e-06,0.0472771751287949,30,10,10000,20,10,42,50
core_sg_cython,CoreSG_fitMatchRef_true_extractMatchRef_true,CoreSG,core_sg,True,True,False,49,9.581393142599458,0.7879670875379816,10.36936023013744,0.047277175102317444,0.004692789125507467,0.04750951015777437,30,10,10000,20,10,42,50
core_sg_cython,CoreSG_fitMatchRef_true_extractMatchRef_true,CoreSG,core_sg,True,True,False,48,9.581393142599458,0.7476289685815573,10.329022111181015,0.047277175102317444,0.005259104300585357,0.04756878665364106,30,10,10000,20,10,42,50
core_sg_cython,CoreSG_fitMatchRef_true_extractMatchRef_true,CoreSG,core_sg,True,True,False,47,9.581393142599458,0.7489276188968991,10.330320761496356,0.047277175102317444,0.003660098573742139,0.04741864197997127,30,10,10000,20,10,42,50
core_sg_cython,CoreSG_fitMatchRef_true_extractMatchRef_true,CoreSG,core_sg,True,True,False,46,9.581393142599458,0.7499889320228249,10.331382074622283,0.047277175102317444,0.0044251157365303015,0.04748381761123333,30,10,10000,20,10,42,50
core_sg_cython,CoreSG_fitMatchRef_true_extractMatchRef_true,CoreSG,core_sg,True,True,False,45,9.581393142599458,0.7565989152761177,10.337992057875576,0.047277175102317444,0.019755641208949362,0.05123881970959053,30,10,10000,20,10,42,50
core_sg_cython,CoreSG_fitMatchRef_true_extractMatchRef_true,CoreSG,core_sg,True,True,False,44,9.581393142599458,0.7531019973064151,10.334495139905872,0.047277175102317444,0.0049764807566205355,0.04753837025368243,30,10,10000,20,10,42,50
core_sg_cython,CoreSG_fitMatchRef_true_extractMatchRef_true,CoreSG,core_sg,True,True,False,43,9.581393142599458,0.7559506953771536,10.337343837976611,0.047277175102317444,0.004324047317101031,0.04747450548300333,30,10,10000,20,10,42,50
core_sg_cython,CoreSG_fitMatchRef_true_extractMatchRef_true,CoreSG,core_sg,True,True,False,42,9.581393142599458,0.7566585747602707,10.338051717359729,0.047277175102317444,0.005106636639828258,0.04755217159527439,30,10,10000,20,10,42,50
core_sg_cython,CoreSG_fitMatchRef_true_extractMatchRef_true,CoreSG,core_sg,True,True,False,41,9.581393142599458,0.7583982140097457,10.339791356609204,0.047277175102317444,0.0037435322918879404,0.04742515492516173,30,10,10000,20,10,42,50
core_sg_cython,CoreSG_fitMatchRef_true_extractMatchRef_true,CoreSG,core_sg,True,True,False,40,9.581393142599458,0.7592935508737961,10.340686693473254,0.047277175102317444,0.004238928798090143,0.04746682844903862,30,10,10000,20,10,42,50
core_sg_cython,CoreSG_fitMatchRef_true_extractMatchRef_true,CoreSG,core_sg,True,True,False,39,9.581393142599458,0.7615510352343942,10.342944177833852,0.047277175102317444,0.004232150360154023,0.047466223594532314,30,10,10000,20,10,42,50
core_sg_cython,CoreSG_fitMatchRef_true_extractMatchRef_true,CoreSG,core_sg,True,True,False,38,9.581393142599458,0.7633403617694664,10.344733504368925,0.047277175102317444,0.005763673318711413,0.047627210875506976,30,10,10000,20,10,42,50
core_sg_cython,CoreSG_fitMatchRef_true_extractMatchRef_true,CoreSG,core_sg,True,True,False,37,9.581393142599458,0.7647370849580815,10.34613022755754,0.047277175102317444,0.005115308083523863,0.04755310360475486,30,10,10000,20,10,42,50
core_sg_cython,CoreSG_fitMatchRef_true_extractMatchRef_true,CoreSG,core_sg,True,True,False,36,9.581393142599458,0.7655962414612684,10.346989384060727,0.047277175102317444,0.005607897105706538,0.04760861051956228,30,10,10000,20,10,42,50
core_sg_cython,CoreSG_fitMatchRef_true_extractMatchRef_true,CoreSG,core_sg,True,True,False,35,9.581393142599458,0.7673251539041909,10.348718296503648,0.047277175102317444,0.004447377137779232,0.047485897370280646,30,10,10000,20,10,42,50
core_sg_cython,CoreSG_fitMatchRef_true_extractMatchRef_true,CoreSG,core_sg,True,True,False,34,9.581393142599458,0.767739714643297,10.349132857242754,0.047277175102317444,0.0037632688523609836,0.04742671692316826,30,10,10000,20,10,42,50
core_sg_cython,CoreSG_fitMatchRef_true_extractMatchRef_true,CoreSG,core_sg,True,True,False,33,9.581393142599458,0.7726355534978211,10.354028696097279,0.047277175102317444,0.009571112648141693,0.048236267299394155,30,10,10000,20,10,42,50
core_sg_cython,CoreSG_fitMatchRef_true_extractMatchRef_true,CoreSG,core_sg,True,True,False,32,9.581393142599458,0.7723720092598039,10.353765151859262,0.047277175102317444,0.005483007474394474,0.047594061148629144,30,10,10000,20,10,42,50
core_sg_cython,CoreSG_fitMatchRef_true_extractMatchRef_true,CoreSG,core_sg,True,True,False,31,9.581393142599458,0.7746426881096947,10.356035830709153,0.047277175102317444,0.00629615180115178,0.0476945784461749,30,10,10000,20,10,42,50
core_sg_cython,CoreSG_fitMatchRef_true_extractMatchRef_true,CoreSG,core_sg,True,True,False,30,9.581393142599458,0.7736972422727073,10.355090384872165,0.047277175102317444,0.0039945319732868564,0.04744562752605129,30,10,10000,20,10,42,50
core_sg_cython,CoreSG_fitMatchRef_true_extractMatchRef_true,CoreSG,core_sg,True,True,False,29,9.581393142599458,0.7766721589607186,10.358065301560176,0.047277175102317444,0.0037891231071733276,0.047428775438297995,30,10,10000,20,10,42,50
core_sg_cython,CoreSG_fitMatchRef_true_extractMatchRef_true,CoreSG,core_sg,True,True,False,28,9.581393142599458,0.7780535984706755,10.359446741070133,0.047277175102317444,0.005775476658447939,0.04762864071425366,30,10,10000,20,10,42,50
core_sg_cython,CoreSG_fitMatchRef_true_extractMatchRef_true,CoreSG,core_sg,True,True,False,27,9.581393142599458,0.7793244694243185,10.360717612023777,0.047277175102317444,0.004167652408599722,0.04746051635047907,30,10,10000,20,10,42,50
core_sg_cython,CoreSG_fitMatchRef_true_extractMatchRef_true,CoreSG,core_sg,True,True,False,26,9.581393142599458,0.7803131006619272,10.361706243261384,0.047277175102317444,0.004169106822872261,0.04746064408913668,30,10,10000,20,10,42,50
core_sg_cython,CoreSG_fitMatchRef_true_extractMatchRef_true,CoreSG,core_sg,True,True,False,25,9.581393142599458,0.7821513638986896,10.363544506498148,0.047277175102317444,0.003779835688268042,0.04742803436244738,30,10,10000,20,10,42,50
core_sg_cython,CoreSG_fitMatchRef_true_extractMatchRef_true,CoreSG,core_sg,True,True,False,24,9.581393142599458,0.782222772265474,10.363615914864932,0.047277175102317444,0.003972062770880375,0.04744374108679667,30,10,10000,20,10,42,50
core_sg_cython,CoreSG_fitMatchRef_true_extractMatchRef_true,CoreSG,core_sg,True,True,False,23,9.581393142599458,0.7857590140930066,10.367152156692464,0.047277175102317444,0.004419069382853785,0.04748325452057452,30,10,10000,20,10,42,50
core_sg_cython,CoreSG_fitMatchRef_true_extractMatchRef_true,CoreSG,core_sg,True,True,False,22,9.581393142599458,0.7862415939375448,10.367634736537003,0.047277175102317444,0.004011747420335584,0.0474470800262751,30,10,10000,20,10,42,50
core_sg_cython,CoreSG_fitMatchRef_true_extractMatchRef_true,CoreSG,core_sg,True,True,False,21,9.581393142599458,0.7884727396575424,10.369865882257,0.047277175102317444,0.004122462611009266,0.04745656944654084,30,10,10000,20,10,42,50
core_sg_cython,CoreSG_fitMatchRef_true_extractMatchRef_true,CoreSG,core_sg,True,True,False,20,9.581393142599458,0.7898040475246186,10.371197190124077,0.047277175102317444,0.006596428320654767,0.047735145880626786,30,10,10000,20,10,42,50
core_sg_cython,CoreSG_fitMatchRef_true_extractMatchRef_true,CoreSG,core_sg,True,True,False,19,9.581393142599458,0.7911437738997241,10.372536916499183,0.047277175102317444,0.003750232439859479,0.04742568427559226,30,10,10000,20,10,42,50
core_sg_cython,CoreSG_fitMatchRef_true_extractMatchRef_true,CoreSG,core_sg,True,True,False,18,9.581393142599458,0.7896189565343472,10.371012099133806,0.047277175102317444,0.0037974181033152464,0.04742943885295894,30,10,10000,20,10,42,50
core_sg_cython,CoreSG_fitMatchRef_true_extractMatchRef_true,CoreSG,core_sg,True,True,False,17,9.581393142599458,0.7928018880658783,10.374195030665335,0.047277175102317444,0.0040874683469559235,0.047453542366640566,30,10,10000,20,10,42,50
core_sg_cython,CoreSG_fitMatchRef_true_extractMatchRef_true,CoreSG,core_sg,True,True,False,16,9.581393142599458,0.7945341144455597,10.375927257045017,0.047277175102317444,0.00440493792087914,0.04748194144874432,30,10,10000,20,10,42,50
core_sg_cython,CoreSG_fitMatchRef_true_extractMatchRef_true,CoreSG,core_sg,True,True,False,15,9.581393142599458,0.7963216409242402,10.377714783523698,0.047277175102317444,0.004593455873874062,0.04749980128927291,30,10,10000,20,10,42,50
core_sg_cython,CoreSG_fitMatchRef_true_extractMatchRef_true,CoreSG,core_sg,True,True,False,14,9.581393142599458,0.797323949332349,10.378717091931806,0.047277175102317444,0.005699248625879489,0.047619457373586,30,10,10000,20,10,42,50
core_sg_cython,CoreSG_fitMatchRef_true_extractMatchRef_true,CoreSG,core_sg,True,True,False,13,9.581393142599458,0.7993143323692493,10.380707474968707,0.047277175102317444,0.004560572739121828,0.047496632610786266,30,10,10000,20,10,42,50
core_sg_cython,CoreSG_fitMatchRef_true_extractMatchRef_true,CoreSG,core_sg,True,True,False,12,9.581393142599458,0.8005702032397191,10.381963345839177,0.047277175102317444,0.005137805547322768,0.04755552892669038,30,10,10000,20,10,42,50
core_sg_cython,CoreSG_fitMatchRef_true_extractMatchRef_true,CoreSG,core_sg,True,True,False,11,9.581393142599458,0.8028852083603851,10.384278350959843,0.047277175102317444,0.004343044113451355,0.04747623950805886,30,10,10000,20,10,42,50
core_sg_cython,CoreSG_fitMatchRef_true_extractMatchRef_true,CoreSG,core_sg,True,True,False,10,9.581393142599458,0.8021064208315996,10.383499563431057,0.047277175102317444,0.004287650635458563,0.047471204257180294,30,10,10000,20,10,42,50
core_sg_cython,CoreSG_fitMatchRef_true_extractMatchRef_true,CoreSG,core_sg,True,True,False,9,9.581393142599458,0.8060185867284114,10.38741172932787,0.047277175102317444,0.004388479008805407,0.0474804173703845,30,10,10000,20,10,42,50
core_sg_cython,CoreSG_fitMatchRef_true_extractMatchRef_true,CoreSG,core_sg,True,True,False,8,9.581393142599458,0.8071183686105845,10.388511511210043,0.047277175102317444,0.004293560552941531,0.04747173841220648,30,10,10000,20,10,42,50
core_sg_cython,CoreSG_fitMatchRef_true_extractMatchRef_true,CoreSG,core_sg,True,True,False,7,9.581393142599458,0.8095930290292017,10.39098617162866,0.047277175102317444,0.004034620451471624,0.04744901946133995,30,10,10000,20,10,42,50
core_sg_cython,CoreSG_fitMatchRef_true_extractMatchRef_true,CoreSG,core_sg,True,True,False,6,9.581393142599458,0.8104803451763777,10.391873487775836,0.047277175102317444,0.0041235325658309525,0.04745666240346715,30,10,10000,20,10,42,50
core_sg_cython,CoreSG_fitMatchRef_true_extractMatchRef_true,CoreSG,core_sg,True,True,False,5,9.581393142599458,0.8103169115415464,10.391710054141004,0.047277175102317444,0.003708965487047842,0.0474224388938327,30,10,10000,20,10,42,50
core_sg_cython,CoreSG_fitMatchRef_true_extractMatchRef_true,CoreSG,core_sg,True,True,False,4,9.581393142599458,0.812079201976303,10.39347234457576,0.047277175102317444,0.00399979438153409,0.04744607086735145,30,10,10000,20,10,42,50
core_sg_cython,CoreSG_fitMatchRef_true_extractMatchRef_true,CoreSG,core_sg,True,True,False,3,9.581393142599458,0.8108122335630469,10.392205376162504,0.047277175102317444,0.00368237974760349,0.04742036699837681,30,10,10000,20,10,42,50
core_sg_cython,CoreSG_fitMatchRef_true_extractMatchRef_true,CoreSG,core_sg,True,True,False,2,9.581393142599458,0.8122341437963769,10.393627286395835,0.047277175102317444,0.0038931415389363913,0.04743719887068983,30,10,10000,20,10,42,50
core_sg_cython,CoreSG_fitMatchRef_true_extractMatchRef_false,CoreSG,core_sg,True,False,False,50,9.549289721495006,9.02608735486865e-06,9.54929874758236,0.03775272134505536,9.228519615590672e-07,0.037752721356334756,30,10,10000,20,10,42,50
core_sg_cython,CoreSG_fitMatchRef_true_extractMatchRef_false,CoreSG,core_sg,True,False,False,49,9.549289721495006,0.5590928234431582,10.108382544938165,0.03775272134505536,0.00269636623072252,0.03784888848840319,30,10,10000,20,10,42,50
core_sg_cython,CoreSG_fitMatchRef_true_extractMatchRef_false,CoreSG,core_sg,True,False,False,48,9.549289721495006,0.5183057963692893,10.067595517864294,0.03775272134505536,0.0026848435334717235,0.037848069353094135,30,10,10000,20,10,42,50
core_sg_cython,CoreSG_fitMatchRef_true_extractMatchRef_false,CoreSG,core_sg,True,False,False,47,9.549289721495006,0.5214837528920422,10.070773474387048,0.03775272134505536,0.0028453968667059948,0.03785979730910427,30,10,10000,20,10,42,50
core_sg_cython,CoreSG_fitMatchRef_true_extractMatchRef_false,CoreSG,core_sg,True,False,False,46,9.549289721495006,0.5218908646997685,10.071180586194775,0.03775272134505536,0.0031505551215649926,0.037883953945323845,30,10,10000,20,10,42,50
core_sg_cython,CoreSG_fitMatchRef_true_extractMatchRef_false,CoreSG,core_sg,True,False,False,45,9.549289721495006,0.5249106359668076,10.074200357461814,0.03775272134505536,0.002381020097583248,0.037827730908190804,30,10,10000,20,10,42,50
core_sg_cython,CoreSG_fitMatchRef_true_extractMatchRef_false,CoreSG,core_sg,True,False,False,44,9.549289721495006,0.5252414424709665,10.074531163965972,0.03775272134505536,0.003061949854470894,0.037876688158664205,30,10,10000,20,10,42,50
core_sg_cython,CoreSG_fitMatchRef_true_extractMatchRef_false,CoreSG,core_sg,True,False,False,43,9.549289721495006,0.5278121554525569,10.077101876947562,0.03775272134505536,0.002744415392341918,0.037852341866826705,30,10,10000,20,10,42,50
core_sg_cython,CoreSG_fitMatchRef_true_extractMatchRef_false,CoreSG,core_sg,True,False,False,42,9.549289721495006,0.5277049167042909,10.076994638199297,0.03775272134505536,0.002838712100060287,0.03785929549456021,30,10,10000,20,10,42,50
core_sg_cython,CoreSG_fitMatchRef_true_extractMatchRef_false,CoreSG,core_sg,True,False,False,41,9.549289721495006,0.5305738878940853,10.079863609389092,0.03775272134505536,0.002901772070815904,0.0378640759838183,30,10,10000,20,10,42,50
core_sg_cython,CoreSG_fitMatchRef_true_extractMatchRef_false,CoreSG,core_sg,True,False,False,40,9.549289721495006,0.5308877551384891,10.080177476633494,0.03775272134505536,0.002595510450221564,0.03784183721034971,30,10,10000,20,10,42,50
core_sg_cython,CoreSG_fitMatchRef_true_extractMatchRef_false,CoreSG,core_sg,True,False,False,39,9.549289721495006,0.5341217619677384,10.083411483462744,0.03775272134505536,0.0029985745010450487,0.03787161757828303,30,10,10000,20,10,42,50
core_sg_cython,CoreSG_fitMatchRef_true_extractMatchRef_false,CoreSG,core_sg,True,False,False,38,9.549289721495006,0.534447389584966,10.083737111079971,0.03775272134505536,0.0030055297472978515,0.03787216891094687,30,10,10000,20,10,42,50
core_sg_cython,CoreSG_fitMatchRef_true_extractMatchRef_false,CoreSG,core_sg,True,False,False,37,9.549289721495006,0.535977459869658,10.085267181364664,0.03775272134505536,0.0028278524404096858,0.03785848277971701,30,10,10000,20,10,42,50
core_sg_cython,CoreSG_fitMatchRef_true_extractMatchRef_false,CoreSG,core_sg,True,False,False,36,9.549289721495006,0.5371748734032735,10.08646459489828,0.03775272134505536,0.002675209947935015,0.03784738719149486,30,10,10000,20,10,42,50
core_sg_cython,CoreSG_fitMatchRef_true_extractMatchRef_false,CoreSG,core_sg,True,False,False,35,9.549289721495006,0.5389644338400104,10.088254155335017,0.03775272134505536,0.0029851700954858667,0.03787055861030283,30,10,10000,20,10,42,50
core_sg_cython,CoreSG_fitMatchRef_true_extractMatchRef_false,CoreSG,core_sg,True,False,False,34,9.549289721495006,0.540825724931589,10.090115446426594,0.03775272134505536,0.0040968162322097155,0.037974358088029556,30,10,10000,20,10,42,50
core_sg_cython,CoreSG_fitMatchRef_true_extractMatchRef_false,CoreSG,core_sg,True,False,False,33,9.549289721495006,0.5433823831301804,10.092672104625187,0.03775272134505536,0.0025943178936251787,0.037841755433523194,30,10,10000,20,10,42,50
core_sg_cython,CoreSG_fitMatchRef_true_extractMatchRef_false,CoreSG,core_sg,True,False,False,32,9.549289721495006,0.5444244073354639,10.09371412883047,0.03775272134505536,0.006562533929742759,0.03831885724465728,30,10,10000,20,10,42,50
core_sg_cython,CoreSG_fitMatchRef_true_extractMatchRef_false,CoreSG,core_sg,True,False,False,31,9.549289721495006,0.545434180732506,10.094723902227512,0.03775272134505536,0.0026664206814057912,0.03784676694524418,30,10,10000,20,10,42,50
core_sg_cython,CoreSG_fitMatchRef_true_extractMatchRef_false,CoreSG,core_sg,True,False,False,30,9.549289721495006,0.5458443825404781,10.095134104035484,0.03775272134505536,0.0031193769497281894,0.03788137380708221,30,10,10000,20,10,42,50
core_sg_cython,CoreSG_fitMatchRef_true_extractMatchRef_false,CoreSG,core_sg,True,False,False,29,9.549289721495006,0.5485616718418896,10.097851393336896,0.03775272134505536,0.002825281298844805,0.037858290814232504,30,10,10000,20,10,42,50
core_sg_cython,CoreSG_fitMatchRef_true_extractMatchRef_false,CoreSG,core_sg,True,False,False,28,9.549289721495006,0.5489780249306933,10.0982677464257,0.03775272134505536,0.002882479828937292,0.037862602379150186,30,10,10000,20,10,42,50
core_sg_cython,CoreSG_fitMatchRef_true_extractMatchRef_false,CoreSG,core_sg,True,False,False,27,9.549289721495006,0.5511096555972472,10.100399377092254,0.03775272134505536,0.0028084977018065773,0.037857041990869436,30,10,10000,20,10,42,50
core_sg_cython,CoreSG_fitMatchRef_true_extractMatchRef_false,CoreSG,core_sg,True,False,False,26,9.549289721495006,0.5531852161472973,10.102474937642302,0.03775272134505536,0.004977562891628763,0.03807944460332265,30,10,10000,20,10,42,50
core_sg_cython,CoreSG_fitMatchRef_true_extractMatchRef_false,CoreSG,core_sg,True,False,False,25,9.549289721495006,0.5544521007376413,10.103741822232648,0.03775272134505536,0.0025776985647710227,0.0378406196942944,30,10,10000,20,10,42,50
core_sg_cython,CoreSG_fitMatchRef_true_extractMatchRef_false,CoreSG,core_sg,True,False,False,24,9.549289721495006,0.5548548760979126,10.104144597592919,0.03775272134505536,0.0031935960918580398,0.037887557653606144,30,10,10000,20,10,42,50
core_sg_cython,CoreSG_fitMatchRef_true_extractMatchRef_false,CoreSG,core_sg,True,False,False,23,9.549289721495006,0.5576508422847837,10.106940563779789,0.03775272134505536,0.003994357038081458,0.0379634410598548,30,10,10000,20,10,42,50
core_sg_cython,CoreSG_fitMatchRef_true_extractMatchRef_false,CoreSG,core_sg,True,False,False,22,9.549289721495006,0.55863854859878,10.107928270093787,0.03775272134505536,0.003884312284272045,0.037952020379409916,30,10,10000,20,10,42,50
core_sg_cython,CoreSG_fitMatchRef_true_extractMatchRef_false,CoreSG,core_sg,True,False,False,21,9.549289721495006,0.5604486194555648,10.109738340950571,0.03775272134505536,0.0027579206312007896,0.0378533234361978,30,10,10000,20,10,42,50
core_sg_cython,CoreSG_fitMatchRef_true_extractMatchRef_false,CoreSG,core_sg,True,False,False,20,9.549289721495006,0.5602992862462998,10.109589007741306,0.03775272134505536,0.002822178804281551,0.037858059408278376,30,10,10000,20,10,42,50
core_sg_cython,CoreSG_fitMatchRef_true_extractMatchRef_false,CoreSG,core_sg,True,False,False,19,9.549289721495006,0.562805438604361,10.112095160099367,0.03775272134505536,0.003016576177750557,0.03787304715485105,30,10,10000,20,10,42,50
core_sg_cython,CoreSG_fitMatchRef_true_extractMatchRef_false,CoreSG,core_sg,True,False,False,18,9.549289721495006,0.5615389729733579,10.110828694468363,0.03775272134505536,0.00258206116546828,0.03784091712445165,30,10,10000,20,10,42,50
core_sg_cython,CoreSG_fitMatchRef_true_extractMatchRef_false,CoreSG,core_sg,True,False,False,17,9.549289721495006,0.5643273300762909,10.113617051571296,0.03775272134505536,0.0028125725125023896,0.037857344506653956,30,10,10000,20,10,42,50
core_sg_cython,CoreSG_fitMatchRef_true_extractMatchRef_false,CoreSG,core_sg,True,False,False,16,9.549289721495006,0.5657098000636325,10.114999521558639,0.03775272134505536,0.0031981760107125693,0.03788794397632175,30,10,10000,20,10,42,50
core_sg_cython,CoreSG_fitMatchRef_true_extractMatchRef_false,CoreSG,core_sg,True,False,False,15,9.549289721495006,0.5678148878000987,10.117104609295104,0.03775272134505536,0.003841759536999034,0.03794768880047271,30,10,10000,20,10,42,50
core_sg_cython,CoreSG_fitMatchRef_true_extractMatchRef_false,CoreSG,core_sg,True,False,False,14,9.549289721495006,0.5678645809840721,10.117154302479078,0.03775272134505536,0.0028361397599499434,0.03785910270589317,30,10,10000,20,10,42,50
core_sg_cython,CoreSG_fitMatchRef_true_extractMatchRef_false,CoreSG,core_sg,True,False,False,13,9.549289721495006,0.5703141157903399,10.119603837285347,0.03775272134505536,0.0030430337150083382,0.03787516367156816,30,10,10000,20,10,42,50
core_sg_cython,CoreSG_fitMatchRef_true_extractMatchRef_false,CoreSG,core_sg,True,False,False,12,9.549289721495006,0.5722363607919154,10.121526082286922,0.03775272134505536,0.003655518980823739,0.03792928667898411,30,10,10000,20,10,42,50
core_sg_cython,CoreSG_fitMatchRef_true_extractMatchRef_false,CoreSG,core_sg,True,False,False,11,9.549289721495006,0.5748005263623781,10.124090247857383,0.03775272134505536,0.004857917041329005,0.0380639898977739,30,10,10000,20,10,42,50
core_sg_cython,CoreSG_fitMatchRef_true_extractMatchRef_false,CoreSG,core_sg,True,False,False,10,9.549289721495006,0.5741744003957138,10.12346412189072,0.03775272134505536,0.003945451232596969,0.03795832654881139,30,10,10000,20,10,42,50
core_sg_cython,CoreSG_fitMatchRef_true_extractMatchRef_false,CoreSG,core_sg,True,False,False,9,9.549289721495006,0.5762104804627597,10.125500201957765,0.03775272134505536,0.002866998943325355,0.037861426965956096,30,10,10000,20,10,42,50
core_sg_cython,CoreSG_fitMatchRef_true_extractMatchRef_false,CoreSG,core_sg,True,False,False,8,9.549289721495006,0.5787277719937265,10.128017493488732,0.03775272134505536,0.003176989459724067,0.03788616147070849,30,10,10000,20,10,42,50
core_sg_cython,CoreSG_fitMatchRef_true_extractMatchRef_false,CoreSG,core_sg,True,False,False,7,9.549289721495006,0.5807430175715126,10.130032739066518,0.03775272134505536,0.002938064647083591,0.037866874611299006,30,10,10000,20,10,42,50
core_sg_cython,CoreSG_fitMatchRef_true_extractMatchRef_false,CoreSG,core_sg,True,False,False,6,9.549289721495006,0.5811708075692877,10.130460529064294,0.03775272134505536,0.0029313781433749127,0.03786635639689743,30,10,10000,20,10,42,50
core_sg_cython,CoreSG_fitMatchRef_true_extractMatchRef_false,CoreSG,core_sg,True,False,False,5,9.549289721495006,0.5810156726006729,10.130305394095679,0.03775272134505536,0.0032648416259111004,0.0378936295411205,30,10,10000,20,10,42,50
core_sg_cython,CoreSG_fitMatchRef_true_extractMatchRef_false,CoreSG,core_sg,True,False,False,4,9.549289721495006,0.5827986566311059,10.132088378126111,0.03775272134505536,0.0029009435459600966,0.03786401249754503,30,10,10000,20,10,42,50
core_sg_cython,CoreSG_fitMatchRef_true_extractMatchRef_false,CoreSG,core_sg,True,False,False,3,9.549289721495006,0.5813282558384041,10.13061797733341,0.03775272134505536,0.002814790547568351,0.037857509357907826,30,10,10000,20,10,42,50
core_sg_cython,CoreSG_fitMatchRef_true_extractMatchRef_false,CoreSG,core_sg,True,False,False,2,9.549289721495006,0.5818245287363728,10.131114250231379,0.03775272134505536,0.0031523034751293694,0.03788409938426294,30,10,10000,20,10,42,50
core_sg_cython,HDBSCAN_algorithm_best_matchRef_true,HDBSCAN,best,True,,False,50,1.9689145292970351,,1.9689145292970351,0.014528675667155322,,0.014528675667155322,30,10,10000,20,10,42,50
core_sg_cython,HDBSCAN_algorithm_best_matchRef_true,HDBSCAN,best,True,,False,49,1.964973633127132,,1.964973633127132,0.01183800997551752,,0.01183800997551752,30,10,10000,20,10,42,50
core_sg_cython,HDBSCAN_algorithm_best_matchRef_true,HDBSCAN,best,True,,False,48,1.9640552869765089,,1.9640552869765089,0.012775132791836346,,0.012775132791836346,30,10,10000,20,10,42,50
core_sg_cython,HDBSCAN_algorithm_best_matchRef_true,HDBSCAN,best,True,,False,47,1.957837299533033,,1.957837299533033,0.014576822013598478,,0.014576822013598478,30,10,10000,20,10,42,50
core_sg_cython,HDBSCAN_algorithm_best_matchRef_true,HDBSCAN,best,True,,False,46,1.9507935172645374,,1.9507935172645374,0.012935791658899591,,0.012935791658899591,30,10,10000,20,10,42,50
core_sg_cython,HDBSCAN_algorithm_best_matchRef_true,HDBSCAN,best,True,,False,45,1.9392863044825692,,1.9392863044825692,0.01214328620769243,,0.01214328620769243,30,10,10000,20,10,42,50
core_sg_cython,HDBSCAN_algorithm_best_matchRef_true,HDBSCAN,best,True,,False,44,1.9555299652740359,,1.9555299652740359,0.008725815690324422,,0.008725815690324422,30,10,10000,20,10,42,50
core_sg_cython,HDBSCAN_algorithm_best_matchRef_true,HDBSCAN,best,True,,False,43,1.9452566044793154,,1.9452566044793154,0.013022441521120368,,0.013022441521120368,30,10,10000,20,10,42,50
core_sg_cython,HDBSCAN_algorithm_best_matchRef_true,HDBSCAN,best,True,,False,42,1.9291494996636174,,1.9291494996636174,0.012267359667595715,,0.012267359667595715,30,10,10000,20,10,42,50
core_sg_cython,HDBSCAN_algorithm_best_matchRef_true,HDBSCAN,best,True,,False,41,1.8655736515337291,,1.8655736515337291,0.010971851532486658,,0.010971851532486658,30,10,10000,20,10,42,50
core_sg_cython,HDBSCAN_algorithm_best_matchRef_true,HDBSCAN,best,True,,False,40,1.8640433776153562,,1.8640433776153562,0.011541351845593245,,0.011541351845593245,30,10,10000,20,10,42,50
core_sg_cython,HDBSCAN_algorithm_best_matchRef_true,HDBSCAN,best,True,,False,39,1.8636516377019385,,1.8636516377019385,0.00974994887995553,,0.00974994887995553,30,10,10000,20,10,42,50
core_sg_cython,HDBSCAN_algorithm_best_matchRef_true,HDBSCAN,best,True,,False,38,2.2033550456360294,,2.2033550456360294,0.014490137620762789,,0.014490137620762789,30,10,10000,20,10,42,50
core_sg_cython,HDBSCAN_algorithm_best_matchRef_true,HDBSCAN,best,True,,False,37,2.1997474672311608,,2.1997474672311608,0.016845619202432154,,0.016845619202432154,30,10,10000,20,10,42,50
core_sg_cython,HDBSCAN_algorithm_best_matchRef_true,HDBSCAN,best,True,,False,36,2.1859700503138204,,2.1859700503138204,0.014805918653901889,,0.014805918653901889,30,10,10000,20,10,42,50
core_sg_cython,HDBSCAN_algorithm_best_matchRef_true,HDBSCAN,best,True,,False,35,2.18969060665695,,2.18969060665695,0.015359246965620755,,0.015359246965620755,30,10,10000,20,10,42,50
core_sg_cython,HDBSCAN_algorithm_best_matchRef_true,HDBSCAN,best,True,,False,34,1.9361830197041854,,1.9361830197041854,0.015284613006131788,,0.015284613006131788,30,10,10000,20,10,42,50
core_sg_cython,HDBSCAN_algorithm_best_matchRef_true,HDBSCAN,best,True,,False,33,2.001557164763411,,2.001557164763411,0.016095800701045295,,0.016095800701045295,30,10,10000,20,10,42,50
core_sg_cython,HDBSCAN_algorithm_best_matchRef_true,HDBSCAN,best,True,,False,32,1.9696324662072584,,1.9696324662072584,0.012851611758462894,,0.012851611758462894,30,10,10000,20,10,42,50
core_sg_cython,HDBSCAN_algorithm_best_matchRef_true,HDBSCAN,best,True,,False,31,1.973498691614562,,1.973498691614562,0.011496422387188973,,0.011496422387188973,30,10,10000,20,10,42,50
core_sg_cython,HDBSCAN_algorithm_best_matchRef_true,HDBSCAN,best,True,,False,30,1.8539979363015542,,1.8539979363015542,0.011163392847147707,,0.011163392847147707,30,10,10000,20,10,42,50
core_sg_cython,HDBSCAN_algorithm_best_matchRef_true,HDBSCAN,best,True,,False,29,1.8469103212041469,,1.8469103212041469,0.010517775413104998,,0.010517775413104998,30,10,10000,20,10,42,50
core_sg_cython,HDBSCAN_algorithm_best_matchRef_true,HDBSCAN,best,True,,False,28,1.937692149511228,,1.937692149511228,0.01409664517806731,,0.01409664517806731,30,10,10000,20,10,42,50
core_sg_cython,HDBSCAN_algorithm_best_matchRef_true,HDBSCAN,best,True,,False,27,2.2443148097372614,,2.2443148097372614,0.017764269057171145,,0.017764269057171145,30,10,10000,20,10,42,50
core_sg_cython,HDBSCAN_algorithm_best_matchRef_true,HDBSCAN,best,True,,False,26,1.9446507208243322,,1.9446507208243322,0.013348035196582404,,0.013348035196582404,30,10,10000,20,10,42,50
core_sg_cython,HDBSCAN_algorithm_best_matchRef_true,HDBSCAN,best,True,,False,25,2.3872151938422275,,2.3872151938422275,0.019847968735628857,,0.019847968735628857,30,10,10000,20,10,42,50
core_sg_cython,HDBSCAN_algorithm_best_matchRef_true,HDBSCAN,best,True,,False,24,2.242584720288869,,2.242584720288869,0.016008635862602802,,0.016008635862602802,30,10,10000,20,10,42,50
core_sg_cython,HDBSCAN_algorithm_best_matchRef_true,HDBSCAN,best,True,,False,23,2.3454829209057304,,2.3454829209057304,0.014623154689170442,,0.014623154689170442,30,10,10000,20,10,42,50
core_sg_cython,HDBSCAN_algorithm_best_matchRef_true,HDBSCAN,best,True,,False,22,2.3559954404365273,,2.3559954404365273,0.01189786005064117,,0.01189786005064117,30,10,10000,20,10,42,50
core_sg_cython,HDBSCAN_algorithm_best_matchRef_true,HDBSCAN,best,True,,False,21,2.2646087350362603,,2.2646087350362603,0.01505134372927775,,0.01505134372927775,30,10,10000,20,10,42,50
core_sg_cython,HDBSCAN_algorithm_best_matchRef_true,HDBSCAN,best,True,,False,20,2.2661363904403213,,2.2661363904403213,0.0070674410920401306,,0.0070674410920401306,30,10,10000,20,10,42,50
core_sg_cython,HDBSCAN_algorithm_best_matchRef_true,HDBSCAN,best,True,,False,19,2.1702232903257634,,2.1702232903257634,0.014738569624749846,,0.014738569624749846,30,10,10000,20,10,42,50
core_sg_cython,HDBSCAN_algorithm_best_matchRef_true,HDBSCAN,best,True,,False,18,2.2291065877225873,,2.2291065877225873,0.01571347459166248,,0.01571347459166248,30,10,10000,20,10,42,50
core_sg_cython,HDBSCAN_algorithm_best_matchRef_true,HDBSCAN,best,True,,False,17,2.234308446253029,,2.234308446253029,0.019046515411108852,,0.019046515411108852,30,10,10000,20,10,42,50
core_sg_cython,HDBSCAN_algorithm_best_matchRef_true,HDBSCAN,best,True,,False,16,2.236351116874721,,2.236351116874721,0.011878866266657332,,0.011878866266657332,30,10,10000,20,10,42,50
core_sg_cython,HDBSCAN_algorithm_best_matchRef_true,HDBSCAN,best,True,,False,15,2.2602170503969927,,2.2602170503969927,0.010576024821803849,,0.010576024821803849,30,10,10000,20,10,42,50
core_sg_cython,HDBSCAN_algorithm_best_matchRef_true,HDBSCAN,best,True,,False,14,2.122977752358808,,2.122977752358808,0.01479706263616269,,0.01479706263616269,30,10,10000,20,10,42,50
core_sg_cython,HDBSCAN_algorithm_best_matchRef_true,HDBSCAN,best,True,,False,13,2.254854547329402,,2.254854547329402,0.01020533538980145,,0.01020533538980145,30,10,10000,20,10,42,50
core_sg_cython,HDBSCAN_algorithm_best_matchRef_true,HDBSCAN,best,True,,False,12,2.225212818069849,,2.225212818069849,0.010530363243754413,,0.010530363243754413,30,10,10000,20,10,42,50
core_sg_cython,HDBSCAN_algorithm_best_matchRef_true,HDBSCAN,best,True,,False,11,2.0105085078549263,,2.0105085078549263,0.011046914063255649,,0.011046914063255649,30,10,10000,20,10,42,50
core_sg_cython,HDBSCAN_algorithm_best_matchRef_true,HDBSCAN,best,True,,False,10,2.081742855045013,,2.081742855045013,0.010542507678489847,,0.010542507678489847,30,10,10000,20,10,42,50
core_sg_cython,HDBSCAN_algorithm_best_matchRef_true,HDBSCAN,best,True,,False,9,2.089598976871154,,2.089598976871154,0.005490165065829092,,0.005490165065829092,30,10,10000,20,10,42,50
core_sg_cython,HDBSCAN_algorithm_best_matchRef_true,HDBSCAN,best,True,,False,8,2.269171986472793,,2.269171986472793,0.012348064444328595,,0.012348064444328595,30,10,10000,20,10,42,50
core_sg_cython,HDBSCAN_algorithm_best_matchRef_true,HDBSCAN,best,True,,False,7,1.9930240434361621,,1.9930240434361621,0.005211238272588066,,0.005211238272588066,30,10,10000,20,10,42,50
core_sg_cython,HDBSCAN_algorithm_best_matchRef_true,HDBSCAN,best,True,,False,6,1.9262148164329118,,1.9262148164329118,0.009817998847199874,,0.009817998847199874,30,10,10000,20,10,42,50
core_sg_cython,HDBSCAN_algorithm_best_matchRef_true,HDBSCAN,best,True,,False,5,1.946409227543821,,1.946409227543821,0.014710893280367546,,0.014710893280367546,30,10,10000,20,10,42,50
core_sg_cython,HDBSCAN_algorithm_best_matchRef_true,HDBSCAN,best,True,,False,4,2.28487452173916,,2.28487452173916,0.005567187519507814,,0.005567187519507814,30,10,10000,20,10,42,50
core_sg_cython,HDBSCAN_algorithm_best_matchRef_true,HDBSCAN,best,True,,False,3,2.2775737898773514,,2.2775737898773514,0.006527482859717636,,0.006527482859717636,30,10,10000,20,10,42,50
core_sg_cython,HDBSCAN_algorithm_best_matchRef_true,HDBSCAN,best,True,,False,2,2.310588625162685,,2.310588625162685,0.012010663794756673,,0.012010663794756673,30,10,10000,20,10,42,50
core_sg_cython,HDBSCAN_algorithm_best_matchRef_false,HDBSCAN,best,False,,False,50,1.7427384796009089,,1.7427384796009089,0.013436802121814745,,0.013436802121814745,30,10,10000,20,10,42,50
core_sg_cython,HDBSCAN_algorithm_best_matchRef_false,HDBSCAN,best,False,,False,49,1.7370205846615137,,1.7370205846615137,0.011206572131269398,,0.011206572131269398,30,10,10000,20,10,42,50
core_sg_cython,HDBSCAN_algorithm_best_matchRef_false,HDBSCAN,best,False,,False,48,1.7368537902870835,,1.7368537902870835,0.010421426274779284,,0.010421426274779284,30,10,10000,20,10,42,50
core_sg_cython,HDBSCAN_algorithm_best_matchRef_false,HDBSCAN,best,False,,False,47,1.7417536968792169,,1.7417536968792169,0.0077290788513850305,,0.0077290788513850305,30,10,10000,20,10,42,50
core_sg_cython,HDBSCAN_algorithm_best_matchRef_false,HDBSCAN,best,False,,False,46,1.7309261315347007,,1.7309261315347007,0.013652394903487698,,0.013652394903487698,30,10,10000,20,10,42,50
core_sg_cython,HDBSCAN_algorithm_best_matchRef_false,HDBSCAN,best,False,,False,45,1.7354732424137183,,1.7354732424137183,0.007523138387266857,,0.007523138387266857,30,10,10000,20,10,42,50
core_sg_cython,HDBSCAN_algorithm_best_matchRef_false,HDBSCAN,best,False,,False,44,1.7200216897763312,,1.7200216897763312,0.0140688986602777,,0.0140688986602777,30,10,10000,20,10,42,50
core_sg_cython,HDBSCAN_algorithm_best_matchRef_false,HDBSCAN,best,False,,False,43,1.7257465095298055,,1.7257465095298055,0.0093485837169561,,0.0093485837169561,30,10,10000,20,10,42,50
core_sg_cython,HDBSCAN_algorithm_best_matchRef_false,HDBSCAN,best,False,,False,42,1.7275223541383942,,1.7275223541383942,0.012423485586301625,,0.012423485586301625,30,10,10000,20,10,42,50
core_sg_cython,HDBSCAN_algorithm_best_matchRef_false,HDBSCAN,best,False,,False,41,1.6969506019571174,,1.6969506019571174,0.0133483048876553,,0.0133483048876553,30,10,10000,20,10,42,50
core_sg_cython,HDBSCAN_algorithm_best_matchRef_false,HDBSCAN,best,False,,False,40,1.6450703532396196,,1.6450703532396196,0.009160122387935931,,0.009160122387935931,30,10,10000,20,10,42,50
core_sg_cython,HDBSCAN_algorithm_best_matchRef_false,HDBSCAN,best,False,,False,39,1.6448415198014117,,1.6448415198014117,0.00632693056875702,,0.00632693056875702,30,10,10000,20,10,42,50
core_sg_cython,HDBSCAN_algorithm_best_matchRef_false,HDBSCAN,best,False,,False,38,1.64142991018792,,1.64142991018792,0.006076800480501228,,0.006076800480501228,30,10,10000,20,10,42,50
core_sg_cython,HDBSCAN_algorithm_best_matchRef_false,HDBSCAN,best,False,,False,37,1.9809956346754916,,1.9809956346754916,0.00761756234913438,,0.00761756234913438,30,10,10000,20,10,42,50
core_sg_cython,HDBSCAN_algorithm_best_matchRef_false,HDBSCAN,best,False,,False,36,1.9802221818322627,,1.9802221818322627,0.010104929712350717,,0.010104929712350717,30,10,10000,20,10,42,50
core_sg_cython,HDBSCAN_algorithm_best_matchRef_false,HDBSCAN,best,False,,False,35,1.975255013462932,,1.975255013462932,0.01068967590056667,,0.01068967590056667,30,10,10000,20,10,42,50
core_sg_cython,HDBSCAN_algorithm_best_matchRef_false,HDBSCAN,best,False,,False,34,1.9709149118318843,,1.9709149118318843,0.01254068998756178,,0.01254068998756178,30,10,10000,20,10,42,50
core_sg_cython,HDBSCAN_algorithm_best_matchRef_false,HDBSCAN,best,False,,False,33,1.7128826223313809,,1.7128826223313809,0.015633985158437544,,0.015633985158437544,30,10,10000,20,10,42,50
core_sg_cython,HDBSCAN_algorithm_best_matchRef_false,HDBSCAN,best,False,,False,32,1.7818465572820665,,1.7818465572820665,0.00661357162467887,,0.00661357162467887,30,10,10000,20,10,42,50
core_sg_cython,HDBSCAN_algorithm_best_matchRef_false,HDBSCAN,best,False,,False,31,1.7482198726657467,,1.7482198726657467,0.006409396799714296,,0.006409396799714296,30,10,10000,20,10,42,50
core_sg_cython,HDBSCAN_algorithm_best_matchRef_false,HDBSCAN,best,False,,False,30,1.7459909341918924,,1.7459909341918924,0.010951834145217887,,0.010951834145217887,30,10,10000,20,10,42,50
core_sg_cython,HDBSCAN_algorithm_best_matchRef_false,HDBSCAN,best,False,,False,29,1.6404592680356775,,1.6404592680356775,0.012435865867654293,,0.012435865867654293,30,10,10000,20,10,42,50
core_sg_cython,HDBSCAN_algorithm_best_matchRef_false,HDBSCAN,best,False,,False,28,1.639273393988454,,1.639273393988454,0.005764779837627956,,0.005764779837627956,30,10,10000,20,10,42,50
core_sg_cython,HDBSCAN_algorithm_best_matchRef_false,HDBSCAN,best,False,,False,27,1.715050913397378,,1.715050913397378,0.011522084951171798,,0.011522084951171798,30,10,10000,20,10,42,50
core_sg_cython,HDBSCAN_algorithm_best_matchRef_false,HDBSCAN,best,False,,False,26,2.026552164104457,,2.026552164104457,0.0059953014495180545,,0.0059953014495180545,30,10,10000,20,10,42,50
core_sg_cython,HDBSCAN_algorithm_best_matchRef_false,HDBSCAN,best,False,,False,25,1.7192842701799236,,1.7192842701799236,0.009592054313497012,,0.009592054313497012,30,10,10000,20,10,42,50
core_sg_cython,HDBSCAN_algorithm_best_matchRef_false,HDBSCAN,best,False,,False,24,2.1783876079910747,,2.1783876079910747,0.005146069175250851,,0.005146069175250851,30,10,10000,20,10,42,50
core_sg_cython,HDBSCAN_algorithm_best_matchRef_false,HDBSCAN,best,False,,False,23,2.0173339659619764,,2.0173339659619764,0.013864691430294295,,0.013864691430294295,30,10,10000,20,10,42,50
core_sg_cython,HDBSCAN_algorithm_best_matchRef_false,HDBSCAN,best,False,,False,22,2.1292802835426605,,2.1292802835426605,0.015110250892092371,,0.015110250892092371,30,10,10000,20,10,42,50
core_sg_cython,HDBSCAN_algorithm_best_matchRef_false,HDBSCAN,best,False,,False,21,2.1161944586085157,,2.1161944586085157,0.018388453589606765,,0.018388453589606765,30,10,10000,20,10,42,50
core_sg_cython,HDBSCAN_algorithm_best_matchRef_false,HDBSCAN,best,False,,False,20,2.030289991813091,,2.030289991813091,0.016236937703944795,,0.016236937703944795,30,10,10000,20,10,42,50
core_sg_cython,HDBSCAN_algorithm_best_matchRef_false,HDBSCAN,best,False,,False,19,2.0345835417780713,,2.0345835417780713,0.01756895504348212,,0.01756895504348212,30,10,10000,20,10,42,50
core_sg_cython,HDBSCAN_algorithm_best_matchRef_false,HDBSCAN,best,False,,False,18,1.9592367670265958,,1.9592367670265958,0.008902674459146083,,0.008902674459146083,30,10,10000,20,10,42,50
core_sg_cython,HDBSCAN_algorithm_best_matchRef_false,HDBSCAN,best,False,,False,17,2.0232967588313233,,2.0232967588313233,0.008972119324053349,,0.008972119324053349,30,10,10000,20,10,42,50
core_sg_cython,HDBSCAN_algorithm_best_matchRef_false,HDBSCAN,best,False,,False,16,2.0121215035091153,,2.0121215035091153,0.0169025835100418,,0.0169025835100418,30,10,10000,20,10,42,50
core_sg_cython,HDBSCAN_algorithm_best_matchRef_false,HDBSCAN,best,False,,False,15,2.01721744297926,,2.01721744297926,0.011508778065742704,,0.011508778065742704,30,10,10000,20,10,42,50
core_sg_cython,HDBSCAN_algorithm_best_matchRef_false,HDBSCAN,best,False,,False,14,2.0351998364708077,,2.0351998364708077,0.00719837380457923,,0.00719837380457923,30,10,10000,20,10,42,50
core_sg_cython,HDBSCAN_algorithm_best_matchRef_false,HDBSCAN,best,False,,False,13,1.9070162319384205,,1.9070162319384205,0.009102124433912149,,0.009102124433912149,30,10,10000,20,10,42,50
core_sg_cython,HDBSCAN_algorithm_best_matchRef_false,HDBSCAN,best,False,,False,12,2.0282348746278633,,2.0282348746278633,0.008228024936801661,,0.008228024936801661,30,10,10000,20,10,42,50
core_sg_cython,HDBSCAN_algorithm_best_matchRef_false,HDBSCAN,best,False,,False,11,1.994531480409205,,1.994531480409205,0.011672996749323589,,0.011672996749323589,30,10,10000,20,10,42,50
core_sg_cython,HDBSCAN_algorithm_best_matchRef_false,HDBSCAN,best,False,,False,10,1.7840497105654018,,1.7840497105654018,0.009669819265231677,,0.009669819265231677,30,10,10000,20,10,42,50
core_sg_cython,HDBSCAN_algorithm_best_matchRef_false,HDBSCAN,best,False,,False,9,1.861200036193865,,1.861200036193865,0.00474340891323041,,0.00474340891323041,30,10,10000,20,10,42,50
core_sg_cython,HDBSCAN_algorithm_best_matchRef_false,HDBSCAN,best,False,,False,8,1.8589571641525253,,1.8589571641525253,0.005552229877010461,,0.005552229877010461,30,10,10000,20,10,42,50
core_sg_cython,HDBSCAN_algorithm_best_matchRef_false,HDBSCAN,best,False,,False,7,2.0392278626017895,,2.0392278626017895,0.013079292699618404,,0.013079292699618404,30,10,10000,20,10,42,50
core_sg_cython,HDBSCAN_algorithm_best_matchRef_false,HDBSCAN,best,False,,False,6,1.7632508866023273,,1.7632508866023273,0.013598229076442323,,0.013598229076442323,30,10,10000,20,10,42,50
core_sg_cython,HDBSCAN_algorithm_best_matchRef_false,HDBSCAN,best,False,,False,5,1.6977819535920087,,1.6977819535920087,0.012732290195427185,,0.012732290195427185,30,10,10000,20,10,42,50
core_sg_cython,HDBSCAN_algorithm_best_matchRef_false,HDBSCAN,best,False,,False,4,1.7155705030541868,,1.7155705030541868,0.013899997914414075,,0.013899997914414075,30,10,10000,20,10,42,50
core_sg_cython,HDBSCAN_algorithm_best_matchRef_false,HDBSCAN,best,False,,False,3,2.0620470104312214,,2.0620470104312214,0.015541694948017026,,0.015541694948017026,30,10,10000,20,10,42,50
core_sg_cython,HDBSCAN_algorithm_best_matchRef_false,HDBSCAN,best,False,,False,2,2.089649543406752,,2.089649543406752,0.015079836573295348,,0.015079836573295348,30,10,10000,20,10,42,50