benchmark_group,dataset,family,distribution,structure,n_samples,n_features,n_clusters_true,seed,normalized,k,k_max,reference_method,hai_definition,method,method_key,status,error,fit_seconds,extract_seconds,total_seconds,workflow_seconds_contribution,n_clusters_found,ari_vs_hdbscan_generic,ari_vs_true,hai,mst_edge_jaccard,mst_common_edges,mst_method_edges,mst_reference_edges,mst_weight_mae_common,mst_weight_rmse_common
synthetic,gaussian_sparse-separated-n10000-d2-seed42,synthetic,gaussian_sparse,separated_clusters,10000,2,6,42,False,50,50,HDBSCAN,exact_single_linkage_pairwise_smallest_common_cluster_size_agreement,HDBSCAN,hdbscan_generic,ok,,6.050167169014458,0.0,6.050167169014458,6.050167169014458,6,1.0,1.0,1.0,1.0,9999,9999,9999,0.0,0.0
synthetic,gaussian_sparse-separated-n10000-d2-seed42,synthetic,gaussian_sparse,separated_clusters,10000,2,6,42,False,50,50,HDBSCAN,exact_single_linkage_pairwise_smallest_common_cluster_size_agreement,Optimized HDBSCAN,optimized_hdbscan,ok,,1.0236686199787073,0.0,1.0236686199787073,1.0236686199787073,6,1.0,1.0,0.999999907532,0.07736235319469885,1436,9999,9999,1.7715421361371214e-14,2.402226151972767e-14
synthetic,gaussian_sparse-separated-n10000-d2-seed42,synthetic,gaussian_sparse,separated_clusters,10000,2,6,42,False,50,50,HDBSCAN,exact_single_linkage_pairwise_smallest_common_cluster_size_agreement,ScoreSG,score_sg,ok,,3.177965328010032,1.0987016139551997e-05,3.1779763150261715,3.1779763150261715,6,1.0,1.0,0.962985026552,0.9786286731967943,9891,9999,9999,1.46115502543578e-07,1.9257427510154208e-07
synthetic,gaussian_sparse-separated-n10000-d2-seed42,synthetic,gaussian_sparse,separated_clusters,10000,2,6,42,False,50,50,HDBSCAN,exact_single_linkage_pairwise_smallest_common_cluster_size_agreement,ScoreSG Random,score_sg_random,ok,,3.1520558030169923,9.53799462877214e-06,3.152065341011621,3.152065341011621,6,1.0,1.0,0.8518294798880012,0.9778459103946198,9887,9999,9999,1.4617461673446394e-07,1.9261322620936386e-07
synthetic,gaussian_sparse-separated-n10000-d2-seed42,synthetic,gaussian_sparse,separated_clusters,10000,2,6,42,False,49,50,HDBSCAN,exact_single_linkage_pairwise_smallest_common_cluster_size_agreement,HDBSCAN,hdbscan_generic,ok,,6.0211694489989895,0.0,6.0211694489989895,6.0211694489989895,6,1.0,1.0,1.0,1.0,9999,9999,9999,0.0,0.0
synthetic,gaussian_sparse-separated-n10000-d2-seed42,synthetic,gaussian_sparse,separated_clusters,10000,2,6,42,False,49,50,HDBSCAN,exact_single_linkage_pairwise_smallest_common_cluster_size_agreement,Optimized HDBSCAN,optimized_hdbscan,ok,,1.0173064440023154,0.0,1.0173064440023154,1.0173064440023154,6,1.0,1.0,0.999999914492,0.07736235319469885,1436,9999,9999,1.8045646994653262e-14,2.48059243380853e-14
synthetic,gaussian_sparse-separated-n10000-d2-seed42,synthetic,gaussian_sparse,separated_clusters,10000,2,6,42,False,49,50,HDBSCAN,exact_single_linkage_pairwise_smallest_common_cluster_size_agreement,ScoreSG,score_sg,ok,,3.177965328010032,0.6378855310031213,3.8158508590131532,0.6378855310031213,6,1.0,1.0,0.9629850082280005,0.9821587867975022,9909,9999,9999,1.484917469711325e-07,1.9470806156412546e-07
synthetic,gaussian_sparse-separated-n10000-d2-seed42,synthetic,gaussian_sparse,separated_clusters,10000,2,6,42,False,49,50,HDBSCAN,exact_single_linkage_pairwise_smallest_common_cluster_size_agreement,ScoreSG Random,score_sg_random,ok,,3.1520558030169923,0.6205680959974416,3.772623899014434,0.6205680959974416,6,1.0,1.0,0.8518294615640006,0.9813732289705737,9905,9999,9999,1.4855171335003198e-07,1.9474737270152665e-07
synthetic,gaussian_sparse-separated-n10000-d2-seed42,synthetic,gaussian_sparse,separated_clusters,10000,2,6,42,False,48,50,HDBSCAN,exact_single_linkage_pairwise_smallest_common_cluster_size_agreement,HDBSCAN,hdbscan_generic,ok,,5.973212527984288,0.0,5.973212527984288,5.973212527984288,6,1.0,1.0,1.0,1.0,9999,9999,9999,0.0,0.0
synthetic,gaussian_sparse-separated-n10000-d2-seed42,synthetic,gaussian_sparse,separated_clusters,10000,2,6,42,False,48,50,HDBSCAN,exact_single_linkage_pairwise_smallest_common_cluster_size_agreement,Optimized HDBSCAN,optimized_hdbscan,ok,,1.0518374039966147,0.0,1.0518374039966147,1.0518374039966147,6,1.0,1.0,0.999999881452,0.07881534228839618,1461,9999,9999,1.911834824607461e-14,2.5519251892157634e-14
synthetic,gaussian_sparse-separated-n10000-d2-seed42,synthetic,gaussian_sparse,separated_clusters,10000,2,6,42,False,48,50,HDBSCAN,exact_single_linkage_pairwise_smallest_common_cluster_size_agreement,ScoreSG,score_sg,ok,,3.177965328010032,0.6241296890075319,3.802095017017564,0.6241296890075319,6,1.0,1.0,0.9629849819040004,0.9794120558250025,9895,9999,9999,1.4763506179699246e-07,1.932740979725623e-07
synthetic,gaussian_sparse-separated-n10000-d2-seed42,synthetic,gaussian_sparse,separated_clusters,10000,2,6,42,False,48,50,HDBSCAN,exact_single_linkage_pairwise_smallest_common_cluster_size_agreement,ScoreSG Random,score_sg_random,ok,,3.1520558030169923,0.6300059089844581,3.7820617120014504,0.6300059089844581,6,1.0,1.0,0.8518294352400012,0.9786286731967943,9891,9999,9999,1.4769476660361495e-07,1.933131748225315e-07
synthetic,gaussian_sparse-separated-n10000-d2-seed42,synthetic,gaussian_sparse,separated_clusters,10000,2,6,42,False,47,50,HDBSCAN,exact_single_linkage_pairwise_smallest_common_cluster_size_agreement,HDBSCAN,hdbscan_generic,ok,,6.0874713230005,0.0,6.0874713230005,6.0874713230005,6,1.0,1.0,1.0,1.0,9999,9999,9999,0.0,0.0
synthetic,gaussian_sparse-separated-n10000-d2-seed42,synthetic,gaussian_sparse,separated_clusters,10000,2,6,42,False,47,50,HDBSCAN,exact_single_linkage_pairwise_smallest_common_cluster_size_agreement,Optimized HDBSCAN,optimized_hdbscan,ok,,1.0280777699954342,0.0,1.0280777699954342,1.0280777699954342,6,1.0,1.0,0.999999844212,0.08062250081054793,1492,9999,9999,1.9378135527552134e-14,2.630684192788317e-14
synthetic,gaussian_sparse-separated-n10000-d2-seed42,synthetic,gaussian_sparse,separated_clusters,10000,2,6,42,False,47,50,HDBSCAN,exact_single_linkage_pairwise_smallest_common_cluster_size_agreement,ScoreSG,score_sg,ok,,3.177965328010032,0.6331220979918726,3.8110874260019045,0.6331220979918726,6,1.0,1.0,0.962984924836,0.9758917103053057,9877,9999,9999,1.4755327107184608e-07,1.9310998194530722e-07
synthetic,gaussian_sparse-separated-n10000-d2-seed42,synthetic,gaussian_sparse,separated_clusters,10000,2,6,42,False,47,50,HDBSCAN,exact_single_linkage_pairwise_smallest_common_cluster_size_agreement,ScoreSG Random,score_sg_random,ok,,3.1520558030169923,0.619951430009678,3.7720072330266703,0.619951430009678,6,1.0,1.0,0.8518293781720014,0.9751111111111112,9873,9999,9999,1.476130515923973e-07,1.9314909678912446e-07
synthetic,gaussian_sparse-separated-n10000-d2-seed42,synthetic,gaussian_sparse,separated_clusters,10000,2,6,42,False,46,50,HDBSCAN,exact_single_linkage_pairwise_smallest_common_cluster_size_agreement,HDBSCAN,hdbscan_generic,ok,,6.056228211004054,0.0,6.056228211004054,6.056228211004054,6,1.0,1.0,1.0,1.0,9999,9999,9999,0.0,0.0
synthetic,gaussian_sparse-separated-n10000-d2-seed42,synthetic,gaussian_sparse,separated_clusters,10000,2,6,42,False,46,50,HDBSCAN,exact_single_linkage_pairwise_smallest_common_cluster_size_agreement,Optimized HDBSCAN,optimized_hdbscan,ok,,1.030851700983476,0.0,1.030851700983476,1.030851700983476,6,1.0,1.0,0.999999841636,0.07649243688431932,1421,9999,9999,1.8928296649982633e-14,2.6155678294176305e-14
synthetic,gaussian_sparse-separated-n10000-d2-seed42,synthetic,gaussian_sparse,separated_clusters,10000,2,6,42,False,46,50,HDBSCAN,exact_single_linkage_pairwise_smallest_common_cluster_size_agreement,ScoreSG,score_sg,ok,,3.177965328010032,0.6379796650144272,3.815944993024459,0.6379796650144272,6,1.0,1.0,0.9629849680240004,0.9766729267569437,9881,9999,9999,1.4826943937273862e-07,1.947795060530275e-07
synthetic,gaussian_sparse-separated-n10000-d2-seed42,synthetic,gaussian_sparse,separated_clusters,10000,2,6,42,False,46,50,HDBSCAN,exact_single_linkage_pairwise_smallest_common_cluster_size_agreement,ScoreSG Random,score_sg_random,ok,,3.1520558030169923,0.6244239750085399,3.776479778025532,0.6244239750085399,6,1.0,1.0,0.8518294213600012,0.9758917103053057,9877,9999,9999,1.4832948571804652e-07,1.94818943086445e-07
synthetic,gaussian_sparse-separated-n10000-d2-seed42,synthetic,gaussian_sparse,separated_clusters,10000,2,6,42,False,45,50,HDBSCAN,exact_single_linkage_pairwise_smallest_common_cluster_size_agreement,HDBSCAN,hdbscan_generic,ok,,6.039398046006681,0.0,6.039398046006681,6.039398046006681,6,1.0,1.0,1.0,1.0,9999,9999,9999,0.0,0.0
synthetic,gaussian_sparse-separated-n10000-d2-seed42,synthetic,gaussian_sparse,separated_clusters,10000,2,6,42,False,45,50,HDBSCAN,exact_single_linkage_pairwise_smallest_common_cluster_size_agreement,Optimized HDBSCAN,optimized_hdbscan,ok,,1.0112072319898289,0.0,1.0112072319898289,1.0112072319898289,6,1.0,1.0,0.999999845688,0.07643449241037786,1420,9999,9999,1.958079629580577e-14,2.626782453375709e-14
synthetic,gaussian_sparse-separated-n10000-d2-seed42,synthetic,gaussian_sparse,separated_clusters,10000,2,6,42,False,45,50,HDBSCAN,exact_single_linkage_pairwise_smallest_common_cluster_size_agreement,ScoreSG,score_sg,ok,,3.177965328010032,0.623099185002502,3.801064513012534,0.623099185002502,6,1.0,1.0,0.9629849327680001,0.9772592446114297,9884,9999,9999,1.4929640673995565e-07,1.9675594629916678e-07
synthetic,gaussian_sparse-separated-n10000-d2-seed42,synthetic,gaussian_sparse,separated_clusters,10000,2,6,42,False,45,50,HDBSCAN,exact_single_linkage_pairwise_smallest_common_cluster_size_agreement,ScoreSG Random,score_sg_random,ok,,3.1520558030169923,0.6192360619897954,3.7712918650067877,0.6192360619897954,6,1.0,1.0,0.8518293861040016,0.9764775647361138,9880,9999,9999,1.4935685062882963e-07,1.9679577140762018e-07
synthetic,gaussian_sparse-separated-n10000-d2-seed42,synthetic,gaussian_sparse,separated_clusters,10000,2,6,42,False,44,50,HDBSCAN,exact_single_linkage_pairwise_smallest_common_cluster_size_agreement,HDBSCAN,hdbscan_generic,ok,,6.078066291986033,0.0,6.078066291986033,6.078066291986033,6,1.0,1.0,1.0,1.0,9999,9999,9999,0.0,0.0
synthetic,gaussian_sparse-separated-n10000-d2-seed42,synthetic,gaussian_sparse,separated_clusters,10000,2,6,42,False,44,50,HDBSCAN,exact_single_linkage_pairwise_smallest_common_cluster_size_agreement,Optimized HDBSCAN,optimized_hdbscan,ok,,1.033674220991088,0.0,1.033674220991088,1.033674220991088,6,1.0,1.0,0.99999986418,0.07974731385994277,1477,9999,9999,1.9465218198291088e-14,2.625918407299078e-14
synthetic,gaussian_sparse-separated-n10000-d2-seed42,synthetic,gaussian_sparse,separated_clusters,10000,2,6,42,False,44,50,HDBSCAN,exact_single_linkage_pairwise_smallest_common_cluster_size_agreement,ScoreSG,score_sg,ok,,3.177965328010032,0.6520229590241797,3.8299882870342117,0.6520229590241797,6,1.0,1.0,0.9629849616600004,0.9743311284430842,9869,9999,9999,1.4775252791726918e-07,1.9443806595177903e-07
synthetic,gaussian_sparse-separated-n10000-d2-seed42,synthetic,gaussian_sparse,separated_clusters,10000,2,6,42,False,44,50,HDBSCAN,exact_single_linkage_pairwise_smallest_common_cluster_size_agreement,ScoreSG Random,score_sg_random,ok,,3.1520558030169923,0.6274074669927359,3.779463270009728,0.6274074669927359,6,1.0,1.0,0.8518294149960013,0.9735517615711043,9865,9999,9999,1.478124377101515e-07,1.9447748173688936e-07
synthetic,gaussian_sparse-separated-n10000-d2-seed42,synthetic,gaussian_sparse,separated_clusters,10000,2,6,42,False,43,50,HDBSCAN,exact_single_linkage_pairwise_smallest_common_cluster_size_agreement,HDBSCAN,hdbscan_generic,ok,,6.085596045013517,0.0,6.085596045013517,6.085596045013517,6,1.0,1.0,1.0,1.0,9999,9999,9999,0.0,0.0
synthetic,gaussian_sparse-separated-n10000-d2-seed42,synthetic,gaussian_sparse,separated_clusters,10000,2,6,42,False,43,50,HDBSCAN,exact_single_linkage_pairwise_smallest_common_cluster_size_agreement,Optimized HDBSCAN,optimized_hdbscan,ok,,1.0213359500048682,0.0,1.0213359500048682,1.0213359500048682,6,1.0,1.0,0.99999982448,0.07591327271749072,1411,9999,9999,2.020477060721199e-14,2.7730973111995268e-14
synthetic,gaussian_sparse-separated-n10000-d2-seed42,synthetic,gaussian_sparse,separated_clusters,10000,2,6,42,False,43,50,HDBSCAN,exact_single_linkage_pairwise_smallest_common_cluster_size_agreement,ScoreSG,score_sg,ok,,3.177965328010032,0.6268617030000314,3.8048270310100634,0.6268617030000314,6,1.0,1.0,0.9629849402000012,0.9739413680781759,9867,9999,9999,1.4851756475730872e-07,1.9506799726258127e-07
synthetic,gaussian_sparse-separated-n10000-d2-seed42,synthetic,gaussian_sparse,separated_clusters,10000,2,6,42,False,43,50,HDBSCAN,exact_single_linkage_pairwise_smallest_common_cluster_size_agreement,ScoreSG Random,score_sg_random,ok,,3.1520558030169923,0.6316013099858537,3.783657113002846,0.6316013099858537,6,1.0,1.0,0.8518293935360012,0.9731623088307844,9863,9999,9999,1.485777969639542e-07,1.951075487628382e-07
synthetic,gaussian_sparse-separated-n10000-d2-seed42,synthetic,gaussian_sparse,separated_clusters,10000,2,6,42,False,42,50,HDBSCAN,exact_single_linkage_pairwise_smallest_common_cluster_size_agreement,HDBSCAN,hdbscan_generic,ok,,6.055196913977852,0.0,6.055196913977852,6.055196913977852,6,1.0,1.0,1.0,1.0,9999,9999,9999,0.0,0.0
synthetic,gaussian_sparse-separated-n10000-d2-seed42,synthetic,gaussian_sparse,separated_clusters,10000,2,6,42,False,42,50,HDBSCAN,exact_single_linkage_pairwise_smallest_common_cluster_size_agreement,Optimized HDBSCAN,optimized_hdbscan,ok,,1.0736809779773466,0.0,1.0736809779773466,1.0736809779773466,6,1.0,1.0,0.999999807764,0.07747844827586207,1438,9999,9999,2.0267959000194066e-14,2.764220639859081e-14
synthetic,gaussian_sparse-separated-n10000-d2-seed42,synthetic,gaussian_sparse,separated_clusters,10000,2,6,42,False,42,50,HDBSCAN,exact_single_linkage_pairwise_smallest_common_cluster_size_agreement,ScoreSG,score_sg,ok,,3.177965328010032,0.6376290919724852,3.815594419982517,0.6376290919724852,6,1.0,1.0,0.9629849414320002,0.9745260663507109,9870,9999,9999,1.484366549605464e-07,1.9654037792722654e-07
synthetic,gaussian_sparse-separated-n10000-d2-seed42,synthetic,gaussian_sparse,separated_clusters,10000,2,6,42,False,42,50,HDBSCAN,exact_single_linkage_pairwise_smallest_common_cluster_size_agreement,ScoreSG Random,score_sg_random,ok,,3.1520558030169923,0.6209852320025675,3.77304103501956,0.6209852320025675,6,1.0,1.0,0.8518293947680011,0.973746545598105,9866,9999,9999,1.4849683604862236e-07,1.9658021584755609e-07
synthetic,gaussian_sparse-separated-n10000-d2-seed42,synthetic,gaussian_sparse,separated_clusters,10000,2,6,42,False,41,50,HDBSCAN,exact_single_linkage_pairwise_smallest_common_cluster_size_agreement,HDBSCAN,hdbscan_generic,ok,,6.039983872004086,0.0,6.039983872004086,6.039983872004086,6,1.0,1.0,1.0,1.0,9999,9999,9999,0.0,0.0
synthetic,gaussian_sparse-separated-n10000-d2-seed42,synthetic,gaussian_sparse,separated_clusters,10000,2,6,42,False,41,50,HDBSCAN,exact_single_linkage_pairwise_smallest_common_cluster_size_agreement,Optimized HDBSCAN,optimized_hdbscan,ok,,1.0364253690058831,0.0,1.0364253690058831,1.0364253690058831,6,1.0,1.0,0.999999839392,0.07945589981647415,1472,9999,9999,2.0675386599034378e-14,2.85099008330115e-14
synthetic,gaussian_sparse-separated-n10000-d2-seed42,synthetic,gaussian_sparse,separated_clusters,10000,2,6,42,False,41,50,HDBSCAN,exact_single_linkage_pairwise_smallest_common_cluster_size_agreement,ScoreSG,score_sg,ok,,3.177965328010032,0.6252909289905801,3.803256257000612,0.6252909289905801,6,1.0,1.0,0.9629848738320005,0.9731623088307844,9863,9999,9999,1.491442075195043e-07,1.9658308499205141e-07
synthetic,gaussian_sparse-separated-n10000-d2-seed42,synthetic,gaussian_sparse,separated_clusters,10000,2,6,42,False,41,50,HDBSCAN,exact_single_linkage_pairwise_smallest_common_cluster_size_agreement,ScoreSG Random,score_sg_random,ok,,3.1520558030169923,0.6259334269852843,3.7779892300022766,0.6259334269852843,6,1.0,1.0,0.8518293271680012,0.9723838642864188,9859,9999,9999,1.492047184055164e-07,1.9662295985757148e-07
synthetic,gaussian_sparse-separated-n10000-d2-seed42,synthetic,gaussian_sparse,separated_clusters,10000,2,6,42,False,40,50,HDBSCAN,exact_single_linkage_pairwise_smallest_common_cluster_size_agreement,HDBSCAN,hdbscan_generic,ok,,6.074485052988166,0.0,6.074485052988166,6.074485052988166,6,1.0,1.0,1.0,1.0,9999,9999,9999,0.0,0.0
synthetic,gaussian_sparse-separated-n10000-d2-seed42,synthetic,gaussian_sparse,separated_clusters,10000,2,6,42,False,40,50,HDBSCAN,exact_single_linkage_pairwise_smallest_common_cluster_size_agreement,Optimized HDBSCAN,optimized_hdbscan,ok,,1.0029493019974325,0.0,1.0029493019974325,1.0029493019974325,6,1.0,1.0,0.999999812652,0.07608695652173914,1414,9999,9999,2.1369751795559e-14,2.8692647568757724e-14
synthetic,gaussian_sparse-separated-n10000-d2-seed42,synthetic,gaussian_sparse,separated_clusters,10000,2,6,42,False,40,50,HDBSCAN,exact_single_linkage_pairwise_smallest_common_cluster_size_agreement,ScoreSG,score_sg,ok,,3.177965328010032,0.6425442750041839,3.820509603014216,0.6425442750041839,6,1.0,1.0,0.9629849159959994,0.9679197008462901,9836,9999,9999,1.4807830799698932e-07,1.9571200080409714e-07
synthetic,gaussian_sparse-separated-n10000-d2-seed42,synthetic,gaussian_sparse,separated_clusters,10000,2,6,42,False,40,50,HDBSCAN,exact_single_linkage_pairwise_smallest_common_cluster_size_agreement,ScoreSG Random,score_sg_random,ok,,3.1520558030169923,0.6224972789932508,3.774553082010243,0.6224972789932508,6,1.0,1.0,0.8518293693320009,0.9671453865827268,9832,9999,9999,1.4813855140902174e-07,1.9575180798457676e-07
synthetic,gaussian_sparse-separated-n10000-d2-seed42,synthetic,gaussian_sparse,separated_clusters,10000,2,6,42,False,39,50,HDBSCAN,exact_single_linkage_pairwise_smallest_common_cluster_size_agreement,HDBSCAN,hdbscan_generic,ok,,6.070669943001121,0.0,6.070669943001121,6.070669943001121,6,1.0,1.0,1.0,1.0,9999,9999,9999,0.0,0.0
synthetic,gaussian_sparse-separated-n10000-d2-seed42,synthetic,gaussian_sparse,separated_clusters,10000,2,6,42,False,39,50,HDBSCAN,exact_single_linkage_pairwise_smallest_common_cluster_size_agreement,Optimized HDBSCAN,optimized_hdbscan,ok,,1.0114966240071226,0.0,1.0114966240071226,1.0114966240071226,6,1.0,1.0,0.999999838732,0.0780011859198965,1447,9999,9999,2.0053902100305717e-14,2.7373299743562913e-14
synthetic,gaussian_sparse-separated-n10000-d2-seed42,synthetic,gaussian_sparse,separated_clusters,10000,2,6,42,False,39,50,HDBSCAN,exact_single_linkage_pairwise_smallest_common_cluster_size_agreement,ScoreSG,score_sg,ok,,3.177965328010032,0.6366557380242739,3.814621066034306,0.6366557380242739,6,1.0,1.0,0.9629849765640007,0.9716060337178349,9855,9999,9999,1.4887050744111194e-07,1.9532095109420215e-07
synthetic,gaussian_sparse-separated-n10000-d2-seed42,synthetic,gaussian_sparse,separated_clusters,10000,2,6,42,False,39,50,HDBSCAN,exact_single_linkage_pairwise_smallest_common_cluster_size_agreement,ScoreSG Random,score_sg_random,ok,,3.1520558030169923,0.6316943870042451,3.7837501900212374,0.6316943870042451,6,1.0,1.0,0.851829429900002,0.9708288163989357,9851,9999,9999,1.4893095633207524e-07,1.9536060212000528e-07
synthetic,gaussian_sparse-separated-n10000-d2-seed42,synthetic,gaussian_sparse,separated_clusters,10000,2,6,42,False,38,50,HDBSCAN,exact_single_linkage_pairwise_smallest_common_cluster_size_agreement,HDBSCAN,hdbscan_generic,ok,,6.101005789998453,0.0,6.101005789998453,6.101005789998453,6,1.0,1.0,1.0,1.0,9999,9999,9999,0.0,0.0
synthetic,gaussian_sparse-separated-n10000-d2-seed42,synthetic,gaussian_sparse,separated_clusters,10000,2,6,42,False,38,50,HDBSCAN,exact_single_linkage_pairwise_smallest_common_cluster_size_agreement,Optimized HDBSCAN,optimized_hdbscan,ok,,0.9997477069846354,0.0,0.9997477069846354,0.9997477069846354,6,1.0,1.0,0.999999815452,0.08255291506523034,1525,9999,9999,2.0528660738529996e-14,2.7825726851830786e-14
synthetic,gaussian_sparse-separated-n10000-d2-seed42,synthetic,gaussian_sparse,separated_clusters,10000,2,6,42,False,38,50,HDBSCAN,exact_single_linkage_pairwise_smallest_common_cluster_size_agreement,ScoreSG,score_sg,ok,,3.177965328010032,0.6381106370245107,3.8160759650345426,0.6381106370245107,6,1.0,1.0,0.9629848780519997,0.9741362290227048,9868,9999,9999,1.4631186041355893e-07,1.9300584807377806e-07
synthetic,gaussian_sparse-separated-n10000-d2-seed42,synthetic,gaussian_sparse,separated_clusters,10000,2,6,42,False,38,50,HDBSCAN,exact_single_linkage_pairwise_smallest_common_cluster_size_agreement,ScoreSG Random,score_sg_random,ok,,3.1520558030169923,0.6390624690102413,3.7911182720272336,0.6390624690102413,6,1.0,1.0,0.8518293313880012,0.9733570159857904,9864,9999,9999,1.463711920677326e-07,1.9304497749092088e-07
synthetic,gaussian_sparse-separated-n10000-d2-seed42,synthetic,gaussian_sparse,separated_clusters,10000,2,6,42,False,37,50,HDBSCAN,exact_single_linkage_pairwise_smallest_common_cluster_size_agreement,HDBSCAN,hdbscan_generic,ok,,6.059018376021413,0.0,6.059018376021413,6.059018376021413,6,1.0,1.0,1.0,1.0,9999,9999,9999,0.0,0.0
synthetic,gaussian_sparse-separated-n10000-d2-seed42,synthetic,gaussian_sparse,separated_clusters,10000,2,6,42,False,37,50,HDBSCAN,exact_single_linkage_pairwise_smallest_common_cluster_size_agreement,Optimized HDBSCAN,optimized_hdbscan,ok,,1.0148766619968228,0.0,1.0148766619968228,1.0148766619968228,6,1.0,1.0,0.99999981544,0.07864077669902912,1458,9999,9999,2.0998834815478985e-14,2.924379101440384e-14
synthetic,gaussian_sparse-separated-n10000-d2-seed42,synthetic,gaussian_sparse,separated_clusters,10000,2,6,42,False,37,50,HDBSCAN,exact_single_linkage_pairwise_smallest_common_cluster_size_agreement,ScoreSG,score_sg,ok,,3.177965328010032,0.6546642720059026,3.8326296000159346,0.6546642720059026,6,1.0,1.0,0.9629848589080006,0.9735517615711043,9865,9999,9999,1.4769889608212874e-07,1.944698732935951e-07
synthetic,gaussian_sparse-separated-n10000-d2-seed42,synthetic,gaussian_sparse,separated_clusters,10000,2,6,42,False,37,50,HDBSCAN,exact_single_linkage_pairwise_smallest_common_cluster_size_agreement,ScoreSG Random,score_sg_random,ok,,3.1520558030169923,0.6323518969875295,3.7844077000045218,0.6323518969875295,6,1.0,1.0,0.851829312244001,0.9727730097662031,9861,9999,9999,1.4775880842159163e-07,1.945093115161246e-07
synthetic,gaussian_sparse-separated-n10000-d2-seed42,synthetic,gaussian_sparse,separated_clusters,10000,2,6,42,False,36,50,HDBSCAN,exact_single_linkage_pairwise_smallest_common_cluster_size_agreement,HDBSCAN,hdbscan_generic,ok,,6.056409037992125,0.0,6.056409037992125,6.056409037992125,6,1.0,1.0,1.0,1.0,9999,9999,9999,0.0,0.0
synthetic,gaussian_sparse-separated-n10000-d2-seed42,synthetic,gaussian_sparse,separated_clusters,10000,2,6,42,False,36,50,HDBSCAN,exact_single_linkage_pairwise_smallest_common_cluster_size_agreement,Optimized HDBSCAN,optimized_hdbscan,ok,,1.005604313017102,0.0,1.005604313017102,1.005604313017102,6,1.0,1.0,0.999999848788,0.08103140710308665,1499,9999,9999,2.1510617392265204e-14,2.9360287640158175e-14
synthetic,gaussian_sparse-separated-n10000-d2-seed42,synthetic,gaussian_sparse,separated_clusters,10000,2,6,42,False,36,50,HDBSCAN,exact_single_linkage_pairwise_smallest_common_cluster_size_agreement,ScoreSG,score_sg,ok,,3.177965328010032,0.6275653199991211,3.805530648009153,0.6275653199991211,6,1.0,1.0,0.96298494328,0.970052211604768,9847,9999,9999,1.4839457752535286e-07,1.9474104378119592e-07
synthetic,gaussian_sparse-separated-n10000-d2-seed42,synthetic,gaussian_sparse,separated_clusters,10000,2,6,42,False,36,50,HDBSCAN,exact_single_linkage_pairwise_smallest_common_cluster_size_agreement,ScoreSG Random,score_sg_random,ok,,3.1520558030169923,0.6266805510094855,3.778736354026478,0.6266805510094855,6,1.0,1.0,0.8518293966160013,0.9692762186115215,9843,9999,9999,1.4845488213829773e-07,1.947806092110599e-07
synthetic,gaussian_sparse-separated-n10000-d2-seed42,synthetic,gaussian_sparse,separated_clusters,10000,2,6,42,False,35,50,HDBSCAN,exact_single_linkage_pairwise_smallest_common_cluster_size_agreement,HDBSCAN,hdbscan_generic,ok,,6.275143078004476,0.0,6.275143078004476,6.275143078004476,6,1.0,1.0,1.0,1.0,9999,9999,9999,0.0,0.0
synthetic,gaussian_sparse-separated-n10000-d2-seed42,synthetic,gaussian_sparse,separated_clusters,10000,2,6,42,False,35,50,HDBSCAN,exact_single_linkage_pairwise_smallest_common_cluster_size_agreement,Optimized HDBSCAN,optimized_hdbscan,ok,,0.9347874789964408,0.0,0.9347874789964408,0.9347874789964408,6,1.0,1.0,0.99999978812,0.07939763588276569,1471,9999,9999,2.2337021197117407e-14,3.05760525378492e-14
synthetic,gaussian_sparse-separated-n10000-d2-seed42,synthetic,gaussian_sparse,separated_clusters,10000,2,6,42,False,35,50,HDBSCAN,exact_single_linkage_pairwise_smallest_common_cluster_size_agreement,ScoreSG,score_sg,ok,,3.177965328010032,0.6421188039821573,3.820084131992189,0.6421188039821573,6,1.0,1.0,0.9629848321560003,0.9749160576733162,9872,9999,9999,1.4811713705294173e-07,1.9531472721682737e-07
synthetic,gaussian_sparse-separated-n10000-d2-seed42,synthetic,gaussian_sparse,separated_clusters,10000,2,6,42,False,35,50,HDBSCAN,exact_single_linkage_pairwise_smallest_common_cluster_size_agreement,ScoreSG Random,score_sg_random,ok,,3.1520558030169923,0.6372366070281714,3.7892924100451637,0.6372366070281714,6,1.0,1.0,0.8518292854920008,0.9741362290227048,9868,9999,9999,1.4817717642701215e-07,1.953543086798372e-07
synthetic,gaussian_sparse-separated-n10000-d2-seed42,synthetic,gaussian_sparse,separated_clusters,10000,2,6,42,False,34,50,HDBSCAN,exact_single_linkage_pairwise_smallest_common_cluster_size_agreement,HDBSCAN,hdbscan_generic,ok,,5.939480647008168,0.0,5.939480647008168,5.939480647008168,6,1.0,1.0,1.0,1.0,9999,9999,9999,0.0,0.0
synthetic,gaussian_sparse-separated-n10000-d2-seed42,synthetic,gaussian_sparse,separated_clusters,10000,2,6,42,False,34,50,HDBSCAN,exact_single_linkage_pairwise_smallest_common_cluster_size_agreement,Optimized HDBSCAN,optimized_hdbscan,ok,,0.9411099369754083,0.0,0.9411099369754083,0.9411099369754083,6,1.0,1.0,0.999999834196,0.0801555579561413,1484,9999,9999,2.2768549549489226e-14,3.0372973870666073e-14
synthetic,gaussian_sparse-separated-n10000-d2-seed42,synthetic,gaussian_sparse,separated_clusters,10000,2,6,42,False,34,50,HDBSCAN,exact_single_linkage_pairwise_smallest_common_cluster_size_agreement,ScoreSG,score_sg,ok,,3.177965328010032,0.6422858139849268,3.8202511419949587,0.6422858139849268,6,1.0,1.0,0.9629847920879999,0.9725784178338923,9860,9999,9999,1.5005366586487035e-07,1.9703336391815654e-07
synthetic,gaussian_sparse-separated-n10000-d2-seed42,synthetic,gaussian_sparse,separated_clusters,10000,2,6,42,False,34,50,HDBSCAN,exact_single_linkage_pairwise_smallest_common_cluster_size_agreement,ScoreSG Random,score_sg_random,ok,,3.1520558030169923,0.656231552013196,3.8082873550301883,0.656231552013196,6,1.0,1.0,0.8518292454240013,0.9718004338394793,9856,9999,9999,1.5011456426772895e-07,1.9707334228194794e-07
synthetic,gaussian_sparse-separated-n10000-d2-seed42,synthetic,gaussian_sparse,separated_clusters,10000,2,6,42,False,33,50,HDBSCAN,exact_single_linkage_pairwise_smallest_common_cluster_size_agreement,HDBSCAN,hdbscan_generic,ok,,5.982978620013455,0.0,5.982978620013455,5.982978620013455,6,1.0,1.0,1.0,1.0,9999,9999,9999,0.0,0.0
synthetic,gaussian_sparse-separated-n10000-d2-seed42,synthetic,gaussian_sparse,separated_clusters,10000,2,6,42,False,33,50,HDBSCAN,exact_single_linkage_pairwise_smallest_common_cluster_size_agreement,Optimized HDBSCAN,optimized_hdbscan,ok,,0.9378439860010985,0.0,0.9378439860010985,0.9378439860010985,6,1.0,1.0,0.999999788464,0.08349135829224684,1541,9999,9999,2.303641631046141e-14,3.0766706778748836e-14
synthetic,gaussian_sparse-separated-n10000-d2-seed42,synthetic,gaussian_sparse,separated_clusters,10000,2,6,42,False,33,50,HDBSCAN,exact_single_linkage_pairwise_smallest_common_cluster_size_agreement,ScoreSG,score_sg,ok,,3.177965328010032,0.6475999469985254,3.8255652750085574,0.6475999469985254,6,1.0,1.0,0.962984780256,0.9683070866141732,9838,9999,9999,1.470080354959957e-07,1.9311680787176777e-07
synthetic,gaussian_sparse-separated-n10000-d2-seed42,synthetic,gaussian_sparse,separated_clusters,10000,2,6,42,False,33,50,HDBSCAN,exact_single_linkage_pairwise_smallest_common_cluster_size_agreement,ScoreSG Random,score_sg_random,ok,,3.1520558030169923,0.6501714619807899,3.802227264997782,0.6501714619807899,6,1.0,1.0,0.8518292335920007,0.9675324675324676,9834,9999,9999,1.4706783132039053e-07,1.93156079210836e-07
synthetic,gaussian_sparse-separated-n10000-d2-seed42,synthetic,gaussian_sparse,separated_clusters,10000,2,6,42,False,32,50,HDBSCAN,exact_single_linkage_pairwise_smallest_common_cluster_size_agreement,HDBSCAN,hdbscan_generic,ok,,5.9190201869932935,0.0,5.9190201869932935,5.9190201869932935,6,1.0,1.0,1.0,1.0,9999,9999,9999,0.0,0.0
synthetic,gaussian_sparse-separated-n10000-d2-seed42,synthetic,gaussian_sparse,separated_clusters,10000,2,6,42,False,32,50,HDBSCAN,exact_single_linkage_pairwise_smallest_common_cluster_size_agreement,Optimized HDBSCAN,optimized_hdbscan,ok,,0.9339102789817844,0.0,0.9339102789817844,0.9339102789817844,6,1.0,1.0,0.999999698864,0.08661160617257117,1594,9999,9999,2.4116130116162512e-14,3.1754216219015797e-14
synthetic,gaussian_sparse-separated-n10000-d2-seed42,synthetic,gaussian_sparse,separated_clusters,10000,2,6,42,False,32,50,HDBSCAN,exact_single_linkage_pairwise_smallest_common_cluster_size_agreement,ScoreSG,score_sg,ok,,3.177965328010032,0.6269488109974191,3.804914139007451,0.6269488109974191,6,1.0,1.0,0.9629846734320001,0.9648260955000982,9820,9999,9999,1.4777317918838902e-07,1.9514839052777173e-07
synthetic,gaussian_sparse-separated-n10000-d2-seed42,synthetic,gaussian_sparse,separated_clusters,10000,2,6,42,False,32,50,HDBSCAN,exact_single_linkage_pairwise_smallest_common_cluster_size_agreement,ScoreSG Random,score_sg_random,ok,,3.1520558030169923,0.6445765249955002,3.7966323280124925,0.6445765249955002,6,1.0,1.0,0.8518291267680009,0.9640542133176193,9816,9999,9999,1.478333964573243e-07,1.951881477636997e-07
synthetic,gaussian_sparse-separated-n10000-d2-seed42,synthetic,gaussian_sparse,separated_clusters,10000,2,6,42,False,31,50,HDBSCAN,exact_single_linkage_pairwise_smallest_common_cluster_size_agreement,HDBSCAN,hdbscan_generic,ok,,5.973349592008162,0.0,5.973349592008162,5.973349592008162,6,1.0,1.0,1.0,1.0,9999,9999,9999,0.0,0.0
synthetic,gaussian_sparse-separated-n10000-d2-seed42,synthetic,gaussian_sparse,separated_clusters,10000,2,6,42,False,31,50,HDBSCAN,exact_single_linkage_pairwise_smallest_common_cluster_size_agreement,Optimized HDBSCAN,optimized_hdbscan,ok,,0.9412358840054367,0.0,0.9412358840054367,0.9412358840054367,6,1.0,1.0,0.999999757324,0.09446147110332749,1726,9999,9999,2.551117711569524e-14,3.441669641648988e-14
synthetic,gaussian_sparse-separated-n10000-d2-seed42,synthetic,gaussian_sparse,separated_clusters,10000,2,6,42,False,31,50,HDBSCAN,exact_single_linkage_pairwise_smallest_common_cluster_size_agreement,ScoreSG,score_sg,ok,,3.177965328010032,0.6432201589923352,3.821185487002367,0.6432201589923352,6,1.0,1.0,0.9629847556639999,0.9628975265017667,9810,9999,9999,1.481075735101789e-07,1.9645355131275856e-07
synthetic,gaussian_sparse-separated-n10000-d2-seed42,synthetic,gaussian_sparse,separated_clusters,10000,2,6,42,False,31,50,HDBSCAN,exact_single_linkage_pairwise_smallest_common_cluster_size_agreement,ScoreSG Random,score_sg_random,ok,,3.1520558030169923,0.6451260469912086,3.797181850008201,0.6451260469912086,6,1.0,1.0,0.8518292090000013,0.9621271585557299,9806,9999,9999,1.4816798859167553e-07,1.9649361525756437e-07
synthetic,gaussian_sparse-separated-n10000-d2-seed42,synthetic,gaussian_sparse,separated_clusters,10000,2,6,42,False,30,50,HDBSCAN,exact_single_linkage_pairwise_smallest_common_cluster_size_agreement,HDBSCAN,hdbscan_generic,ok,,5.937986236996949,0.0,5.937986236996949,5.937986236996949,6,1.0,1.0,1.0,1.0,9999,9999,9999,0.0,0.0
synthetic,gaussian_sparse-separated-n10000-d2-seed42,synthetic,gaussian_sparse,separated_clusters,10000,2,6,42,False,30,50,HDBSCAN,exact_single_linkage_pairwise_smallest_common_cluster_size_agreement,Optimized HDBSCAN,optimized_hdbscan,ok,,0.941990004008403,0.0,0.941990004008403,0.941990004008403,6,1.0,1.0,0.999999718976,0.09590092064883823,1750,9999,9999,2.552496309553882e-14,3.4212285537206456e-14
synthetic,gaussian_sparse-separated-n10000-d2-seed42,synthetic,gaussian_sparse,separated_clusters,10000,2,6,42,False,30,50,HDBSCAN,exact_single_linkage_pairwise_smallest_common_cluster_size_agreement,ScoreSG,score_sg,ok,,3.177965328010032,0.6499579949886538,3.8279233229986858,0.6499579949886538,6,1.0,1.0,0.9629846160680007,0.9692762186115215,9843,9999,9999,1.5003364462391548e-07,1.97227818884119e-07
synthetic,gaussian_sparse-separated-n10000-d2-seed42,synthetic,gaussian_sparse,separated_clusters,10000,2,6,42,False,30,50,HDBSCAN,exact_single_linkage_pairwise_smallest_common_cluster_size_agreement,ScoreSG Random,score_sg_random,ok,,3.1520558030169923,0.6446795959782321,3.7967353989952244,0.6446795959782321,6,1.0,1.0,0.8518290694040012,0.9685008366965252,9839,9999,9999,1.5009464010857966e-07,1.9726790583959072e-07
synthetic,gaussian_sparse-separated-n10000-d2-seed42,synthetic,gaussian_sparse,separated_clusters,10000,2,6,42,False,29,50,HDBSCAN,exact_single_linkage_pairwise_smallest_common_cluster_size_agreement,HDBSCAN,hdbscan_generic,ok,,5.9824382009974215,0.0,5.9824382009974215,5.9824382009974215,6,1.0,1.0,1.0,1.0,9999,9999,9999,0.0,0.0
synthetic,gaussian_sparse-separated-n10000-d2-seed42,synthetic,gaussian_sparse,separated_clusters,10000,2,6,42,False,29,50,HDBSCAN,exact_single_linkage_pairwise_smallest_common_cluster_size_agreement,Optimized HDBSCAN,optimized_hdbscan,ok,,0.9311750520137139,0.0,0.9311750520137139,0.9311750520137139,6,1.0,1.0,0.999999726904,0.10303364589078874,1868,9999,9999,2.58412432541908e-14,3.435115449968878e-14
synthetic,gaussian_sparse-separated-n10000-d2-seed42,synthetic,gaussian_sparse,separated_clusters,10000,2,6,42,False,29,50,HDBSCAN,exact_single_linkage_pairwise_smallest_common_cluster_size_agreement,ScoreSG,score_sg,ok,,3.177965328010032,0.6469080919923726,3.8248734200024046,0.6469080919923726,6,1.0,1.0,0.9629845561040004,0.9642471270012769,9817,9999,9999,1.4783588474647614e-07,1.942806534077316e-07
synthetic,gaussian_sparse-separated-n10000-d2-seed42,synthetic,gaussian_sparse,separated_clusters,10000,2,6,42,False,29,50,HDBSCAN,exact_single_linkage_pairwise_smallest_common_cluster_size_agreement,ScoreSG Random,score_sg_random,ok,,3.1520558030169923,0.6386129889870062,3.7906687920039985,0.6386129889870062,6,1.0,1.0,0.8518290094400013,0.9634756995581738,9813,9999,9999,1.478961459850475e-07,1.943202459602942e-07
synthetic,gaussian_sparse-separated-n10000-d2-seed42,synthetic,gaussian_sparse,separated_clusters,10000,2,6,42,False,28,50,HDBSCAN,exact_single_linkage_pairwise_smallest_common_cluster_size_agreement,HDBSCAN,hdbscan_generic,ok,,5.9570070300251245,0.0,5.9570070300251245,5.9570070300251245,6,1.0,1.0,1.0,1.0,9999,9999,9999,0.0,0.0
synthetic,gaussian_sparse-separated-n10000-d2-seed42,synthetic,gaussian_sparse,separated_clusters,10000,2,6,42,False,28,50,HDBSCAN,exact_single_linkage_pairwise_smallest_common_cluster_size_agreement,Optimized HDBSCAN,optimized_hdbscan,ok,,0.9269778529996984,0.0,0.9269778529996984,0.9269778529996984,6,1.0,1.0,0.999999621928,0.1100133214920071,1982,9999,9999,2.556638609754615e-14,3.431155242419321e-14
synthetic,gaussian_sparse-separated-n10000-d2-seed42,synthetic,gaussian_sparse,separated_clusters,10000,2,6,42,False,28,50,HDBSCAN,exact_single_linkage_pairwise_smallest_common_cluster_size_agreement,ScoreSG,score_sg,ok,,3.177965328010032,0.6420091500040144,3.8199744780140463,0.6420091500040144,6,1.0,1.0,0.9629844849840004,0.9659850570192686,9826,9999,9999,1.4916974796668746e-07,1.9658885806621095e-07
synthetic,gaussian_sparse-separated-n10000-d2-seed42,synthetic,gaussian_sparse,separated_clusters,10000,2,6,42,False,28,50,HDBSCAN,exact_single_linkage_pairwise_smallest_common_cluster_size_agreement,ScoreSG Random,score_sg_random,ok,,3.1520558030169923,0.6561868739954662,3.8082426770124584,0.6561868739954662,6,1.0,1.0,0.8518289383200015,0.9652122641509434,9822,9999,9999,1.492304972017701e-07,1.96628884302616e-07
synthetic,gaussian_sparse-separated-n10000-d2-seed42,synthetic,gaussian_sparse,separated_clusters,10000,2,6,42,False,27,50,HDBSCAN,exact_single_linkage_pairwise_smallest_common_cluster_size_agreement,HDBSCAN,hdbscan_generic,ok,,5.988332547014579,0.0,5.988332547014579,5.988332547014579,6,1.0,1.0,1.0,1.0,9999,9999,9999,0.0,0.0
synthetic,gaussian_sparse-separated-n10000-d2-seed42,synthetic,gaussian_sparse,separated_clusters,10000,2,6,42,False,27,50,HDBSCAN,exact_single_linkage_pairwise_smallest_common_cluster_size_agreement,Optimized HDBSCAN,optimized_hdbscan,ok,,0.9230690740223508,0.0,0.9230690740223508,0.9230690740223508,6,1.0,1.0,0.999999770116,0.10528933841817277,1905,9999,9999,2.5703498821924115e-14,3.4650485464687185e-14
synthetic,gaussian_sparse-separated-n10000-d2-seed42,synthetic,gaussian_sparse,separated_clusters,10000,2,6,42,False,27,50,HDBSCAN,exact_single_linkage_pairwise_smallest_common_cluster_size_agreement,ScoreSG,score_sg,ok,,3.177965328010032,0.6508953699958511,3.828860698005883,0.6508953699958511,6,1.0,1.0,0.9629845041560002,0.9580926270439636,9785,9999,9999,1.4784424099277853e-07,1.9428244453839245e-07
synthetic,gaussian_sparse-separated-n10000-d2-seed42,synthetic,gaussian_sparse,separated_clusters,10000,2,6,42,False,27,50,HDBSCAN,exact_single_linkage_pairwise_smallest_common_cluster_size_agreement,ScoreSG Random,score_sg_random,ok,,3.1520558030169923,0.6522306960250717,3.804286499042064,0.6522306960250717,6,1.0,1.0,0.8518289574920012,0.9573260252520309,9781,9999,9999,1.4790470280231602e-07,1.9432216697686486e-07
synthetic,gaussian_sparse-separated-n10000-d2-seed42,synthetic,gaussian_sparse,separated_clusters,10000,2,6,42,False,26,50,HDBSCAN,exact_single_linkage_pairwise_smallest_common_cluster_size_agreement,HDBSCAN,hdbscan_generic,ok,,5.9754592690151185,0.0,5.9754592690151185,5.9754592690151185,6,1.0,1.0,1.0,1.0,9999,9999,9999,0.0,0.0
synthetic,gaussian_sparse-separated-n10000-d2-seed42,synthetic,gaussian_sparse,separated_clusters,10000,2,6,42,False,26,50,HDBSCAN,exact_single_linkage_pairwise_smallest_common_cluster_size_agreement,Optimized HDBSCAN,optimized_hdbscan,ok,,0.9302123179950286,0.0,0.9302123179950286,0.9302123179950286,6,1.0,1.0,0.999999678812,0.10577826928393697,1913,9999,9999,2.6637655605711498e-14,3.61913663632288e-14
synthetic,gaussian_sparse-separated-n10000-d2-seed42,synthetic,gaussian_sparse,separated_clusters,10000,2,6,42,False,26,50,HDBSCAN,exact_single_linkage_pairwise_smallest_common_cluster_size_agreement,ScoreSG,score_sg,ok,,3.177965328010032,0.6452379020047374,3.8232032300147694,0.6452379020047374,6,1.0,1.0,0.9629844233000006,0.9617422012948793,9804,9999,9999,1.4718235577696328e-07,1.9461076535937254e-07
synthetic,gaussian_sparse-separated-n10000-d2-seed42,synthetic,gaussian_sparse,separated_clusters,10000,2,6,42,False,26,50,HDBSCAN,exact_single_linkage_pairwise_smallest_common_cluster_size_agreement,ScoreSG Random,score_sg_random,ok,,3.1520558030169923,0.647089429985499,3.7991452330024913,0.647089429985499,6,1.0,1.0,0.8518288766360012,0.9609727397528928,9800,9999,9999,1.4724243020739418e-07,1.946504777902235e-07
synthetic,gaussian_sparse-separated-n10000-d2-seed42,synthetic,gaussian_sparse,separated_clusters,10000,2,6,42,False,25,50,HDBSCAN,exact_single_linkage_pairwise_smallest_common_cluster_size_agreement,HDBSCAN,hdbscan_generic,ok,,5.973014779010555,0.0,5.973014779010555,5.973014779010555,6,1.0,1.0,1.0,1.0,9999,9999,9999,0.0,0.0
synthetic,gaussian_sparse-separated-n10000-d2-seed42,synthetic,gaussian_sparse,separated_clusters,10000,2,6,42,False,25,50,HDBSCAN,exact_single_linkage_pairwise_smallest_common_cluster_size_agreement,Optimized HDBSCAN,optimized_hdbscan,ok,,0.9221029650070705,0.0,0.9221029650070705,0.9221029650070705,6,1.0,1.0,0.99999958936,0.1082908446020838,1954,9999,9999,2.5916086915520544e-14,3.507462610095809e-14
synthetic,gaussian_sparse-separated-n10000-d2-seed42,synthetic,gaussian_sparse,separated_clusters,10000,2,6,42,False,25,50,HDBSCAN,exact_single_linkage_pairwise_smallest_common_cluster_size_agreement,ScoreSG,score_sg,ok,,3.177965328010032,0.637618917011423,3.815584245021455,0.637618917011423,6,1.0,1.0,0.9629843875680004,0.9623196938475125,9807,9999,9999,1.4953402267382077e-07,1.972572367379e-07
synthetic,gaussian_sparse-separated-n10000-d2-seed42,synthetic,gaussian_sparse,separated_clusters,10000,2,6,42,False,25,50,HDBSCAN,exact_single_linkage_pairwise_smallest_common_cluster_size_agreement,ScoreSG Random,score_sg_random,ok,,3.1520558030169923,0.6566017720033415,3.8086575750203338,0.6566017720033415,6,1.0,1.0,0.8518288409040002,0.9615497793035802,9803,9999,9999,1.4959503829004133e-07,1.972974768926919e-07
synthetic,gaussian_sparse-separated-n10000-d2-seed42,synthetic,gaussian_sparse,separated_clusters,10000,2,6,42,False,24,50,HDBSCAN,exact_single_linkage_pairwise_smallest_common_cluster_size_agreement,HDBSCAN,hdbscan_generic,ok,,5.956082723016152,0.0,5.956082723016152,5.956082723016152,6,1.0,1.0,1.0,1.0,9999,9999,9999,0.0,0.0
synthetic,gaussian_sparse-separated-n10000-d2-seed42,synthetic,gaussian_sparse,separated_clusters,10000,2,6,42,False,24,50,HDBSCAN,exact_single_linkage_pairwise_smallest_common_cluster_size_agreement,Optimized HDBSCAN,optimized_hdbscan,ok,,0.9189692299987655,0.0,0.9189692299987655,0.9189692299987655,6,1.0,1.0,0.999999574248,0.11689472214465234,2093,9999,9999,2.8086255516991227e-14,3.724353045276885e-14
synthetic,gaussian_sparse-separated-n10000-d2-seed42,synthetic,gaussian_sparse,separated_clusters,10000,2,6,42,False,24,50,HDBSCAN,exact_single_linkage_pairwise_smallest_common_cluster_size_agreement,ScoreSG,score_sg,ok,,3.177965328010032,0.6392808810051065,3.8172462090151384,0.6392808810051065,6,1.0,1.0,0.9629843048640001,0.9569429494079655,9779,9999,9999,1.476960300978332e-07,1.942614707010724e-07
synthetic,gaussian_sparse-separated-n10000-d2-seed42,synthetic,gaussian_sparse,separated_clusters,10000,2,6,42,False,24,50,HDBSCAN,exact_single_linkage_pairwise_smallest_common_cluster_size_agreement,ScoreSG Random,score_sg_random,ok,,3.1520558030169923,0.6409138750168495,3.7929696780338418,0.6409138750168495,6,1.0,1.0,0.8518287582000007,0.9561772473833513,9775,9999,9999,1.4775646837051928e-07,1.9430121322822738e-07
synthetic,gaussian_sparse-separated-n10000-d2-seed42,synthetic,gaussian_sparse,separated_clusters,10000,2,6,42,False,23,50,HDBSCAN,exact_single_linkage_pairwise_smallest_common_cluster_size_agreement,HDBSCAN,hdbscan_generic,ok,,5.972457890020451,0.0,5.972457890020451,5.972457890020451,6,1.0,1.0,1.0,1.0,9999,9999,9999,0.0,0.0
synthetic,gaussian_sparse-separated-n10000-d2-seed42,synthetic,gaussian_sparse,separated_clusters,10000,2,6,42,False,23,50,HDBSCAN,exact_single_linkage_pairwise_smallest_common_cluster_size_agreement,Optimized HDBSCAN,optimized_hdbscan,ok,,0.9286116540024523,0.0,0.9286116540024523,0.9286116540024523,6,1.0,1.0,0.999999538732,0.12027337404066998,2147,9999,9999,2.7919277923044243e-14,3.787865368214801e-14
synthetic,gaussian_sparse-separated-n10000-d2-seed42,synthetic,gaussian_sparse,separated_clusters,10000,2,6,42,False,23,50,HDBSCAN,exact_single_linkage_pairwise_smallest_common_cluster_size_agreement,ScoreSG,score_sg,ok,,3.177965328010032,0.6505404080089647,3.8285057360189967,0.6505404080089647,6,1.0,1.0,0.9629840591080001,0.9557946210268948,9773,9999,9999,1.503126192301088e-07,1.97593287952481e-07
synthetic,gaussian_sparse-separated-n10000-d2-seed42,synthetic,gaussian_sparse,separated_clusters,10000,2,6,42,False,23,50,HDBSCAN,exact_single_linkage_pairwise_smallest_common_cluster_size_agreement,ScoreSG Random,score_sg_random,ok,,3.1520558030169923,0.6595222249743529,3.811578027991345,0.6595222249743529,6,1.0,1.0,0.8518285124440006,0.9550298171864308,9769,9999,9999,1.5037416600787885e-07,1.9763373693713243e-07
synthetic,gaussian_sparse-separated-n10000-d2-seed42,synthetic,gaussian_sparse,separated_clusters,10000,2,6,42,False,22,50,HDBSCAN,exact_single_linkage_pairwise_smallest_common_cluster_size_agreement,HDBSCAN,hdbscan_generic,ok,,5.9665153230016585,0.0,5.9665153230016585,5.9665153230016585,6,1.0,1.0,1.0,1.0,9999,9999,9999,0.0,0.0
synthetic,gaussian_sparse-separated-n10000-d2-seed42,synthetic,gaussian_sparse,separated_clusters,10000,2,6,42,False,22,50,HDBSCAN,exact_single_linkage_pairwise_smallest_common_cluster_size_agreement,Optimized HDBSCAN,optimized_hdbscan,ok,,0.9297245380003005,0.0,0.9297245380003005,0.9297245380003005,6,1.0,1.0,0.999999510104,0.12323073466636711,2194,9999,9999,2.773599869982892e-14,3.803149783524376e-14
synthetic,gaussian_sparse-separated-n10000-d2-seed42,synthetic,gaussian_sparse,separated_clusters,10000,2,6,42,False,22,50,HDBSCAN,exact_single_linkage_pairwise_smallest_common_cluster_size_agreement,ScoreSG,score_sg,ok,,3.177965328010032,0.6407864759967197,3.8187518040067516,0.6407864759967197,6,1.0,1.0,0.962983672576,0.954647639526928,9767,9999,9999,1.4748294907154842e-07,1.9478998784372975e-07
synthetic,gaussian_sparse-separated-n10000-d2-seed42,synthetic,gaussian_sparse,separated_clusters,10000,2,6,42,False,22,50,HDBSCAN,exact_single_linkage_pairwise_smallest_common_cluster_size_agreement,ScoreSG Random,score_sg_random,ok,,3.1520558030169923,0.6493162320111878,3.80137203502818,0.6493162320111878,6,1.0,1.0,0.8518281259120013,0.9538837322911577,9763,9999,9999,1.4754337432929718e-07,1.9482988747295685e-07
synthetic,gaussian_sparse-separated-n10000-d2-seed42,synthetic,gaussian_sparse,separated_clusters,10000,2,6,42,False,21,50,HDBSCAN,exact_single_linkage_pairwise_smallest_common_cluster_size_agreement,HDBSCAN,hdbscan_generic,ok,,5.999210554989986,0.0,5.999210554989986,5.999210554989986,6,1.0,1.0,1.0,1.0,9999,9999,9999,0.0,0.0
synthetic,gaussian_sparse-separated-n10000-d2-seed42,synthetic,gaussian_sparse,separated_clusters,10000,2,6,42,False,21,50,HDBSCAN,exact_single_linkage_pairwise_smallest_common_cluster_size_agreement,Optimized HDBSCAN,optimized_hdbscan,ok,,0.9256033659912646,0.0,0.9256033659912646,0.9256033659912646,6,1.0,1.0,0.999999682512,0.11745641484130533,2102,9999,9999,2.8902612410385554e-14,3.9310970847588066e-14
synthetic,gaussian_sparse-separated-n10000-d2-seed42,synthetic,gaussian_sparse,separated_clusters,10000,2,6,42,False,21,50,HDBSCAN,exact_single_linkage_pairwise_smallest_common_cluster_size_agreement,ScoreSG,score_sg,ok,,3.177965328010032,0.6496467720135115,3.8276121000235435,0.6496467720135115,6,1.0,1.0,0.9629841034680003,0.9540746531170607,9764,9999,9999,1.4792130579393329e-07,1.9669400534748753e-07
synthetic,gaussian_sparse-separated-n10000-d2-seed42,synthetic,gaussian_sparse,separated_clusters,10000,2,6,42,False,21,50,HDBSCAN,exact_single_linkage_pairwise_smallest_common_cluster_size_agreement,ScoreSG Random,score_sg_random,ok,,3.1520558030169923,0.660932942002546,3.8129887450195383,0.660932942002546,6,1.0,1.0,0.851828556804001,0.9533111935924985,9760,9999,9999,1.479819292794139e-07,1.96734307367242e-07
synthetic,gaussian_sparse-separated-n10000-d2-seed42,synthetic,gaussian_sparse,separated_clusters,10000,2,6,42,False,20,50,HDBSCAN,exact_single_linkage_pairwise_smallest_common_cluster_size_agreement,HDBSCAN,hdbscan_generic,ok,,6.058628828002838,0.0,6.058628828002838,6.058628828002838,6,1.0,1.0,1.0,1.0,9999,9999,9999,0.0,0.0
synthetic,gaussian_sparse-separated-n10000-d2-seed42,synthetic,gaussian_sparse,separated_clusters,10000,2,6,42,False,20,50,HDBSCAN,exact_single_linkage_pairwise_smallest_common_cluster_size_agreement,Optimized HDBSCAN,optimized_hdbscan,ok,,1.1407139050133992,0.0,1.1407139050133992,1.1407139050133992,6,1.0,1.0,0.999999644768,0.12760078939949254,2263,9999,9999,2.9644346829004e-14,3.9942103851737706e-14
synthetic,gaussian_sparse-separated-n10000-d2-seed42,synthetic,gaussian_sparse,separated_clusters,10000,2,6,42,False,20,50,HDBSCAN,exact_single_linkage_pairwise_smallest_common_cluster_size_agreement,ScoreSG,score_sg,ok,,3.177965328010032,0.663012668985175,3.840977996995207,0.663012668985175,6,1.0,1.0,0.9629841693960002,0.9529296875,9758,9999,9999,1.4678451910993744e-07,1.9460670719044349e-07
synthetic,gaussian_sparse-separated-n10000-d2-seed42,synthetic,gaussian_sparse,separated_clusters,10000,2,6,42,False,20,50,HDBSCAN,exact_single_linkage_pairwise_smallest_common_cluster_size_agreement,ScoreSG Random,score_sg_random,ok,,3.1520558030169923,0.9109796780103352,4.0630354810273275,0.9109796780103352,6,1.0,1.0,0.8518286227320011,0.9521671222178837,9754,9999,9999,1.4684471370410956e-07,1.946466060544589e-07
synthetic,gaussian_sparse-separated-n10000-d2-seed42,synthetic,gaussian_sparse,separated_clusters,10000,2,6,42,False,19,50,HDBSCAN,exact_single_linkage_pairwise_smallest_common_cluster_size_agreement,HDBSCAN,hdbscan_generic,ok,,6.004050191986607,0.0,6.004050191986607,6.004050191986607,6,1.0,1.0,1.0,1.0,9999,9999,9999,0.0,0.0
synthetic,gaussian_sparse-separated-n10000-d2-seed42,synthetic,gaussian_sparse,separated_clusters,10000,2,6,42,False,19,50,HDBSCAN,exact_single_linkage_pairwise_smallest_common_cluster_size_agreement,Optimized HDBSCAN,optimized_hdbscan,ok,,0.9206191730045248,0.0,0.9206191730045248,0.9206191730045248,6,1.0,1.0,0.999999546408,0.13425216947422156,2367,9999,9999,3.096849163063994e-14,4.1551703532786684e-14
synthetic,gaussian_sparse-separated-n10000-d2-seed42,synthetic,gaussian_sparse,separated_clusters,10000,2,6,42,False,19,50,HDBSCAN,exact_single_linkage_pairwise_smallest_common_cluster_size_agreement,ScoreSG,score_sg,ok,,3.177965328010032,0.6592388300050516,3.8372041580150835,0.6592388300050516,6,1.0,1.0,0.9629840676040003,0.9455199922171418,9719,9999,9999,1.4945504280850394e-07,1.9737768150439453e-07
synthetic,gaussian_sparse-separated-n10000-d2-seed42,synthetic,gaussian_sparse,separated_clusters,10000,2,6,42,False,19,50,HDBSCAN,exact_single_linkage_pairwise_smallest_common_cluster_size_agreement,ScoreSG Random,score_sg_random,ok,,3.1520558030169923,0.6629216820001602,3.8149774850171525,0.6629216820001602,6,1.0,1.0,0.8518285209400012,0.9447632014003695,9715,9999,9999,1.4951657859505558e-07,1.974183109164149e-07
synthetic,gaussian_sparse-separated-n10000-d2-seed42,synthetic,gaussian_sparse,separated_clusters,10000,2,6,42,False,18,50,HDBSCAN,exact_single_linkage_pairwise_smallest_common_cluster_size_agreement,HDBSCAN,hdbscan_generic,ok,,5.945069888985017,0.0,5.945069888985017,5.945069888985017,6,1.0,1.0,1.0,1.0,9999,9999,9999,0.0,0.0
synthetic,gaussian_sparse-separated-n10000-d2-seed42,synthetic,gaussian_sparse,separated_clusters,10000,2,6,42,False,18,50,HDBSCAN,exact_single_linkage_pairwise_smallest_common_cluster_size_agreement,Optimized HDBSCAN,optimized_hdbscan,ok,,0.9320255070051644,0.0,0.9320255070051644,0.9320255070051644,6,1.0,1.0,0.999999610644,0.1470031545741325,2563,9999,9999,3.27517037637498e-14,4.379902616844916e-14
synthetic,gaussian_sparse-separated-n10000-d2-seed42,synthetic,gaussian_sparse,separated_clusters,10000,2,6,42,False,18,50,HDBSCAN,exact_single_linkage_pairwise_smallest_common_cluster_size_agreement,ScoreSG,score_sg,ok,,3.177965328010032,0.669329572992865,3.847294901002897,0.669329572992865,6,1.0,1.0,0.9629835876640005,0.9453307392996109,9718,9999,9999,1.470896377264467e-07,1.9328483847059117e-07
synthetic,gaussian_sparse-separated-n10000-d2-seed42,synthetic,gaussian_sparse,separated_clusters,10000,2,6,42,False,18,50,HDBSCAN,exact_single_linkage_pairwise_smallest_common_cluster_size_agreement,ScoreSG Random,score_sg_random,ok,,3.1520558030169923,0.6569496349839028,3.809005438000895,0.6569496349839028,6,1.0,1.0,0.8518280410000004,0.9445740956826137,9714,9999,9999,1.4715020582877536e-07,1.9332462948253524e-07
synthetic,gaussian_sparse-separated-n10000-d2-seed42,synthetic,gaussian_sparse,separated_clusters,10000,2,6,42,False,17,50,HDBSCAN,exact_single_linkage_pairwise_smallest_common_cluster_size_agreement,HDBSCAN,hdbscan_generic,ok,,5.980200810008682,0.0,5.980200810008682,5.980200810008682,6,1.0,1.0,1.0,1.0,9999,9999,9999,0.0,0.0
synthetic,gaussian_sparse-separated-n10000-d2-seed42,synthetic,gaussian_sparse,separated_clusters,10000,2,6,42,False,17,50,HDBSCAN,exact_single_linkage_pairwise_smallest_common_cluster_size_agreement,Optimized HDBSCAN,optimized_hdbscan,ok,,0.9207185620034579,0.0,0.9207185620034579,0.9207185620034579,6,1.0,1.0,0.999999477284,0.15282181357006974,2651,9999,9999,3.287080465734479e-14,4.4577793491874317e-14
synthetic,gaussian_sparse-separated-n10000-d2-seed42,synthetic,gaussian_sparse,separated_clusters,10000,2,6,42,False,17,50,HDBSCAN,exact_single_linkage_pairwise_smallest_common_cluster_size_agreement,ScoreSG,score_sg,ok,,3.177965328010032,0.6600779730069917,3.8380433010170236,0.6600779730069917,6,1.0,1.0,0.9629836958320002,0.9383541727246293,9681,9999,9999,1.4889369723281685e-07,1.9600074032070437e-07
synthetic,gaussian_sparse-separated-n10000-d2-seed42,synthetic,gaussian_sparse,separated_clusters,10000,2,6,42,False,17,50,HDBSCAN,exact_single_linkage_pairwise_smallest_common_cluster_size_agreement,ScoreSG Random,score_sg_random,ok,,3.1520558030169923,0.6492224739922676,3.80127827700926,0.6492224739922676,6,1.0,1.0,0.8518281491680001,0.9376029454510222,9677,9999,9999,1.4895524262746872e-07,1.960412447105397e-07
synthetic,gaussian_sparse-separated-n10000-d2-seed42,synthetic,gaussian_sparse,separated_clusters,10000,2,6,42,False,16,50,HDBSCAN,exact_single_linkage_pairwise_smallest_common_cluster_size_agreement,HDBSCAN,hdbscan_generic,ok,,6.001746231020661,0.0,6.001746231020661,6.001746231020661,6,1.0,1.0,1.0,1.0,9999,9999,9999,0.0,0.0
synthetic,gaussian_sparse-separated-n10000-d2-seed42,synthetic,gaussian_sparse,separated_clusters,10000,2,6,42,False,16,50,HDBSCAN,exact_single_linkage_pairwise_smallest_common_cluster_size_agreement,Optimized HDBSCAN,optimized_hdbscan,ok,,0.9489907939860132,0.0,0.9489907939860132,0.9489907939860132,6,1.0,1.0,0.999999528944,0.1618638159423658,2786,9999,9999,3.4898198034809583e-14,4.709319770212855e-14
synthetic,gaussian_sparse-separated-n10000-d2-seed42,synthetic,gaussian_sparse,separated_clusters,10000,2,6,42,False,16,50,HDBSCAN,exact_single_linkage_pairwise_smallest_common_cluster_size_agreement,ScoreSG,score_sg,ok,,3.177965328010032,0.6849147470202297,3.8628800750302617,0.6849147470202297,6,1.0,1.0,0.9629835318039999,0.9409880617295934,9695,9999,9999,1.481711599045289e-07,1.9478914125064575e-07
synthetic,gaussian_sparse-separated-n10000-d2-seed42,synthetic,gaussian_sparse,separated_clusters,10000,2,6,42,False,16,50,HDBSCAN,exact_single_linkage_pairwise_smallest_common_cluster_size_agreement,ScoreSG Random,score_sg_random,ok,,3.1520558030169923,0.6836817679868545,3.835737571003847,0.6836817679868545,6,1.0,1.0,0.8518279851400012,0.9402347918890075,9691,9999,9999,1.4823231815803556e-07,1.9482933711183522e-07
synthetic,gaussian_sparse-separated-n10000-d2-seed42,synthetic,gaussian_sparse,separated_clusters,10000,2,6,42,False,15,50,HDBSCAN,exact_single_linkage_pairwise_smallest_common_cluster_size_agreement,HDBSCAN,hdbscan_generic,ok,,6.006170896987896,0.0,6.006170896987896,6.006170896987896,6,1.0,1.0,1.0,1.0,9999,9999,9999,0.0,0.0
synthetic,gaussian_sparse-separated-n10000-d2-seed42,synthetic,gaussian_sparse,separated_clusters,10000,2,6,42,False,15,50,HDBSCAN,exact_single_linkage_pairwise_smallest_common_cluster_size_agreement,Optimized HDBSCAN,optimized_hdbscan,ok,,0.9370538829825819,0.0,0.9370538829825819,0.9370538829825819,6,1.0,1.0,0.999999464916,0.15722469764481223,2717,9999,9999,3.445085483808833e-14,4.651469070916189e-14
synthetic,gaussian_sparse-separated-n10000-d2-seed42,synthetic,gaussian_sparse,separated_clusters,10000,2,6,42,False,15,50,HDBSCAN,exact_single_linkage_pairwise_smallest_common_cluster_size_agreement,ScoreSG,score_sg,ok,,3.177965328010032,0.6660788499866612,3.844044177996693,0.6660788499866612,6,1.0,1.0,0.9629833981440002,0.9291915878834651,9632,9999,9999,1.495372555714561e-07,1.9763595554640373e-07
synthetic,gaussian_sparse-separated-n10000-d2-seed42,synthetic,gaussian_sparse,separated_clusters,10000,2,6,42,False,15,50,HDBSCAN,exact_single_linkage_pairwise_smallest_common_cluster_size_agreement,ScoreSG Random,score_sg_random,ok,,3.1520558030169923,0.6555120909761172,3.8075678939931095,0.6555120909761172,6,1.0,1.0,0.851827851480001,0.9284474445515911,9628,9999,9999,1.4959938155996884e-07,1.976770056985852e-07
synthetic,gaussian_sparse-separated-n10000-d2-seed42,synthetic,gaussian_sparse,separated_clusters,10000,2,6,42,False,14,50,HDBSCAN,exact_single_linkage_pairwise_smallest_common_cluster_size_agreement,HDBSCAN,hdbscan_generic,ok,,6.002268740005093,0.0,6.002268740005093,6.002268740005093,6,1.0,1.0,1.0,1.0,9999,9999,9999,0.0,0.0
synthetic,gaussian_sparse-separated-n10000-d2-seed42,synthetic,gaussian_sparse,separated_clusters,10000,2,6,42,False,14,50,HDBSCAN,exact_single_linkage_pairwise_smallest_common_cluster_size_agreement,Optimized HDBSCAN,optimized_hdbscan,ok,,0.947764685988659,0.0,0.947764685988659,0.947764685988659,6,1.0,1.0,0.999999273916,0.17808541973490427,3023,9999,9999,3.623673796429459e-14,4.881202251165473e-14
synthetic,gaussian_sparse-separated-n10000-d2-seed42,synthetic,gaussian_sparse,separated_clusters,10000,2,6,42,False,14,50,HDBSCAN,exact_single_linkage_pairwise_smallest_common_cluster_size_agreement,ScoreSG,score_sg,ok,,3.177965328010032,0.6755181289918255,3.8534834570018575,0.6755181289918255,6,1.0,1.0,0.9629828851920006,0.9286334265599383,9629,9999,9999,1.4697726546272003e-07,1.9461308598144245e-07
synthetic,gaussian_sparse-separated-n10000-d2-seed42,synthetic,gaussian_sparse,separated_clusters,10000,2,6,42,False,14,50,HDBSCAN,exact_single_linkage_pairwise_smallest_common_cluster_size_agreement,ScoreSG Random,score_sg_random,ok,,3.1520558030169923,0.6862976220145356,3.838353425031528,0.6862976220145356,6,1.0,1.0,0.8518273385280003,0.9278897136797455,9625,9999,9999,1.4703834692318402e-07,1.9465352086365342e-07
synthetic,gaussian_sparse-separated-n10000-d2-seed42,synthetic,gaussian_sparse,separated_clusters,10000,2,6,42,False,13,50,HDBSCAN,exact_single_linkage_pairwise_smallest_common_cluster_size_agreement,HDBSCAN,hdbscan_generic,ok,,6.022614398010774,0.0,6.022614398010774,6.022614398010774,6,1.0,1.0,1.0,1.0,9999,9999,9999,0.0,0.0
synthetic,gaussian_sparse-separated-n10000-d2-seed42,synthetic,gaussian_sparse,separated_clusters,10000,2,6,42,False,13,50,HDBSCAN,exact_single_linkage_pairwise_smallest_common_cluster_size_agreement,Optimized HDBSCAN,optimized_hdbscan,ok,,0.9375558489991818,0.0,0.9375558489991818,0.9375558489991818,6,1.0,1.0,0.99999917794,0.19149189704480457,3214,9999,9999,3.754774960149127e-14,5.019797930868999e-14
synthetic,gaussian_sparse-separated-n10000-d2-seed42,synthetic,gaussian_sparse,separated_clusters,10000,2,6,42,False,13,50,HDBSCAN,exact_single_linkage_pairwise_smallest_common_cluster_size_agreement,ScoreSG,score_sg,ok,,3.177965328010032,0.6706236350000836,3.8485889630101155,0.6706236350000836,6,1.0,1.0,0.9629828391280001,0.9179054378056968,9571,9999,9999,1.4816031430098725e-07,1.962570048334274e-07
synthetic,gaussian_sparse-separated-n10000-d2-seed42,synthetic,gaussian_sparse,separated_clusters,10000,2,6,42,False,13,50,HDBSCAN,exact_single_linkage_pairwise_smallest_common_cluster_size_agreement,ScoreSG Random,score_sg_random,ok,,3.1520558030169923,0.664915283996379,3.8169710870133713,0.664915283996379,6,1.0,1.0,0.851827292464001,0.917169974115617,9567,9999,9999,1.482222607055361e-07,1.9629802845528714e-07
synthetic,gaussian_sparse-separated-n10000-d2-seed42,synthetic,gaussian_sparse,separated_clusters,10000,2,6,42,False,12,50,HDBSCAN,exact_single_linkage_pairwise_smallest_common_cluster_size_agreement,HDBSCAN,hdbscan_generic,ok,,5.990839127014624,0.0,5.990839127014624,5.990839127014624,6,1.0,1.0,1.0,1.0,9999,9999,9999,0.0,0.0
synthetic,gaussian_sparse-separated-n10000-d2-seed42,synthetic,gaussian_sparse,separated_clusters,10000,2,6,42,False,12,50,HDBSCAN,exact_single_linkage_pairwise_smallest_common_cluster_size_agreement,Optimized HDBSCAN,optimized_hdbscan,ok,,0.9551310490060132,0.0,0.9551310490060132,0.9551310490060132,6,1.0,1.0,0.999998900016,0.20498915401301518,3402,9999,9999,3.861158526946485e-14,5.2860529049697045e-14
synthetic,gaussian_sparse-separated-n10000-d2-seed42,synthetic,gaussian_sparse,separated_clusters,10000,2,6,42,False,12,50,HDBSCAN,exact_single_linkage_pairwise_smallest_common_cluster_size_agreement,ScoreSG,score_sg,ok,,3.177965328010032,0.6765257319784723,3.8544910599885043,0.6765257319784723,6,1.0,1.0,0.9629821213959999,0.91350110037317,9547,9999,9999,1.4599869102920077e-07,1.935890074713717e-07
synthetic,gaussian_sparse-separated-n10000-d2-seed42,synthetic,gaussian_sparse,separated_clusters,10000,2,6,42,False,12,50,HDBSCAN,exact_single_linkage_pairwise_smallest_common_cluster_size_agreement,ScoreSG Random,score_sg_random,ok,,3.1520558030169923,0.6829848460038193,3.8350406490208115,0.6829848460038193,6,1.0,1.0,0.8518265747320005,0.9127690100430416,9543,9999,9999,1.4605988716869904e-07,1.936295751598873e-07
synthetic,gaussian_sparse-separated-n10000-d2-seed42,synthetic,gaussian_sparse,separated_clusters,10000,2,6,42,False,11,50,HDBSCAN,exact_single_linkage_pairwise_smallest_common_cluster_size_agreement,HDBSCAN,hdbscan_generic,ok,,5.979569446993992,0.0,5.979569446993992,5.979569446993992,6,1.0,1.0,1.0,1.0,9999,9999,9999,0.0,0.0
synthetic,gaussian_sparse-separated-n10000-d2-seed42,synthetic,gaussian_sparse,separated_clusters,10000,2,6,42,False,11,50,HDBSCAN,exact_single_linkage_pairwise_smallest_common_cluster_size_agreement,Optimized HDBSCAN,optimized_hdbscan,ok,,0.937074360990664,0.0,0.937074360990664,0.937074360990664,6,1.0,1.0,0.999998944636,0.2211027660743726,3621,9999,9999,4.154915004827046e-14,5.660116595607358e-14
synthetic,gaussian_sparse-separated-n10000-d2-seed42,synthetic,gaussian_sparse,separated_clusters,10000,2,6,42,False,11,50,HDBSCAN,exact_single_linkage_pairwise_smallest_common_cluster_size_agreement,ScoreSG,score_sg,ok,,3.177965328010032,0.666785906010773,3.844751234020805,0.666785906010773,6,1.0,1.0,0.9629820624680001,0.9114891990059262,9536,9999,9999,1.460917600309791e-07,1.9335461865468224e-07
synthetic,gaussian_sparse-separated-n10000-d2-seed42,synthetic,gaussian_sparse,separated_clusters,10000,2,6,42,False,11,50,HDBSCAN,exact_single_linkage_pairwise_smallest_common_cluster_size_agreement,ScoreSG Random,score_sg_random,ok,,3.1520558030169923,0.6701002089830581,3.8221560120000504,0.6701002089830581,6,1.0,1.0,0.8518265158040009,0.9107586470475827,9532,9999,9999,1.461530658466777e-07,1.9339518397950802e-07
synthetic,gaussian_sparse-separated-n10000-d2-seed42,synthetic,gaussian_sparse,separated_clusters,10000,2,6,42,False,10,50,HDBSCAN,exact_single_linkage_pairwise_smallest_common_cluster_size_agreement,HDBSCAN,hdbscan_generic,ok,,6.012277239991818,0.0,6.012277239991818,6.012277239991818,6,1.0,1.0,1.0,1.0,9999,9999,9999,0.0,0.0
synthetic,gaussian_sparse-separated-n10000-d2-seed42,synthetic,gaussian_sparse,separated_clusters,10000,2,6,42,False,10,50,HDBSCAN,exact_single_linkage_pairwise_smallest_common_cluster_size_agreement,Optimized HDBSCAN,optimized_hdbscan,ok,,0.9504987979889847,0.0,0.9504987979889847,0.9504987979889847,6,1.0,1.0,0.999998908972,0.241032642422738,3884,9999,9999,4.339820427157055e-14,6.072051889818139e-14
synthetic,gaussian_sparse-separated-n10000-d2-seed42,synthetic,gaussian_sparse,separated_clusters,10000,2,6,42,False,10,50,HDBSCAN,exact_single_linkage_pairwise_smallest_common_cluster_size_agreement,ScoreSG,score_sg,ok,,3.177965328010032,0.6757395710155834,3.8537048990256153,0.6757395710155834,6,1.0,1.0,0.962981511536,0.896443812233286,9453,9999,9999,1.4851452094905728e-07,1.9659616031118484e-07
synthetic,gaussian_sparse-separated-n10000-d2-seed42,synthetic,gaussian_sparse,separated_clusters,10000,2,6,42,False,10,50,HDBSCAN,exact_single_linkage_pairwise_smallest_common_cluster_size_agreement,ScoreSG Random,score_sg_random,ok,,3.1520558030169923,0.6805551830038894,3.8326109860208817,0.6805551830038894,6,1.0,1.0,0.8518259648720019,0.8957247132429614,9449,9999,9999,1.4857739089073482e-07,1.9663776796462663e-07
synthetic,gaussian_sparse-separated-n10000-d2-seed42,synthetic,gaussian_sparse,separated_clusters,10000,2,6,42,False,9,50,HDBSCAN,exact_single_linkage_pairwise_smallest_common_cluster_size_agreement,HDBSCAN,hdbscan_generic,ok,,6.0186418980010785,0.0,6.0186418980010785,6.0186418980010785,6,1.0,1.0,1.0,1.0,9999,9999,9999,0.0,0.0
synthetic,gaussian_sparse-separated-n10000-d2-seed42,synthetic,gaussian_sparse,separated_clusters,10000,2,6,42,False,9,50,HDBSCAN,exact_single_linkage_pairwise_smallest_common_cluster_size_agreement,Optimized HDBSCAN,optimized_hdbscan,ok,,0.9423665410140529,0.0,0.9423665410140529,0.9423665410140529,6,1.0,1.0,0.999999050908,0.25765675114772657,4097,9999,9999,4.559520593914679e-14,6.272589169922628e-14
synthetic,gaussian_sparse-separated-n10000-d2-seed42,synthetic,gaussian_sparse,separated_clusters,10000,2,6,42,False,9,50,HDBSCAN,exact_single_linkage_pairwise_smallest_common_cluster_size_agreement,ScoreSG,score_sg,ok,,3.177965328010032,0.674007644993253,3.851972973003285,0.674007644993253,6,1.0,1.0,0.9629814460720004,0.8905275099262621,9420,9999,9999,1.4648914276908717e-07,1.9386707024566215e-07
synthetic,gaussian_sparse-separated-n10000-d2-seed42,synthetic,gaussian_sparse,separated_clusters,10000,2,6,42,False,9,50,HDBSCAN,exact_single_linkage_pairwise_smallest_common_cluster_size_agreement,ScoreSG Random,score_sg_random,ok,,3.1520558030169923,0.6807932329829782,3.8328490359999705,0.6807932329829782,6,1.0,1.0,0.8518258994080008,0.8898128898128899,9416,9999,9999,1.4655137265079823e-07,1.9390824409559982e-07
synthetic,gaussian_sparse-separated-n10000-d2-seed42,synthetic,gaussian_sparse,separated_clusters,10000,2,6,42,False,8,50,HDBSCAN,exact_single_linkage_pairwise_smallest_common_cluster_size_agreement,HDBSCAN,hdbscan_generic,ok,,6.017858122999314,0.0,6.017858122999314,6.017858122999314,6,1.0,1.0,1.0,1.0,9999,9999,9999,0.0,0.0
synthetic,gaussian_sparse-separated-n10000-d2-seed42,synthetic,gaussian_sparse,separated_clusters,10000,2,6,42,False,8,50,HDBSCAN,exact_single_linkage_pairwise_smallest_common_cluster_size_agreement,Optimized HDBSCAN,optimized_hdbscan,ok,,0.9451388570014387,0.0,0.9451388570014387,0.9451388570014387,6,1.0,1.0,0.999998483276,0.29294627270963985,4531,9999,9999,4.8369141920858416e-14,6.623208373631417e-14
synthetic,gaussian_sparse-separated-n10000-d2-seed42,synthetic,gaussian_sparse,separated_clusters,10000,2,6,42,False,8,50,HDBSCAN,exact_single_linkage_pairwise_smallest_common_cluster_size_agreement,ScoreSG,score_sg,ok,,3.177965328010032,0.6792703200189862,3.857235648029018,0.6792703200189862,6,1.0,1.0,0.9629798899400002,0.8740511667135227,9327,9999,9999,1.468821361201151e-07,1.9564931405053137e-07
synthetic,gaussian_sparse-separated-n10000-d2-seed42,synthetic,gaussian_sparse,separated_clusters,10000,2,6,42,False,8,50,HDBSCAN,exact_single_linkage_pairwise_smallest_common_cluster_size_agreement,ScoreSG Random,score_sg_random,ok,,3.1520558030169923,0.6901909470034298,3.842246750020422,0.6901909470034298,6,1.0,1.0,0.8518243432760004,0.8733489461358314,9323,9999,9999,1.4694515537782135e-07,1.9569128087084472e-07
synthetic,gaussian_sparse-separated-n10000-d2-seed42,synthetic,gaussian_sparse,separated_clusters,10000,2,6,42,False,7,50,HDBSCAN,exact_single_linkage_pairwise_smallest_common_cluster_size_agreement,HDBSCAN,hdbscan_generic,ok,,6.019791933009401,0.0,6.019791933009401,6.019791933009401,6,1.0,1.0,1.0,1.0,9999,9999,9999,0.0,0.0
synthetic,gaussian_sparse-separated-n10000-d2-seed42,synthetic,gaussian_sparse,separated_clusters,10000,2,6,42,False,7,50,HDBSCAN,exact_single_linkage_pairwise_smallest_common_cluster_size_agreement,Optimized HDBSCAN,optimized_hdbscan,ok,,0.9459389089897741,0.0,0.9459389089897741,0.9459389089897741,6,1.0,1.0,0.99999786552,0.3351582320737081,5020,9999,9999,5.2537599519845805e-14,7.17378731801724e-14
synthetic,gaussian_sparse-separated-n10000-d2-seed42,synthetic,gaussian_sparse,separated_clusters,10000,2,6,42,False,7,50,HDBSCAN,exact_single_linkage_pairwise_smallest_common_cluster_size_agreement,ScoreSG,score_sg,ok,,3.177965328010032,0.6857360650028568,3.8637013930128887,0.6857360650028568,6,1.0,1.0,0.9629782397160002,0.8675756443780351,9290,9999,9999,1.4703408493041016e-07,1.95834565987821e-07
synthetic,gaussian_sparse-separated-n10000-d2-seed42,synthetic,gaussian_sparse,separated_clusters,10000,2,6,42,False,7,50,HDBSCAN,exact_single_linkage_pairwise_smallest_common_cluster_size_agreement,ScoreSG Random,score_sg_random,ok,,3.1520558030169923,0.6977742770104669,3.849830080027459,0.6977742770104669,6,1.0,1.0,0.8518226930520013,0.8668782673637042,9286,9999,9999,1.4709742074075225e-07,1.9587673990151933e-07
synthetic,gaussian_sparse-separated-n10000-d2-seed42,synthetic,gaussian_sparse,separated_clusters,10000,2,6,42,False,6,50,HDBSCAN,exact_single_linkage_pairwise_smallest_common_cluster_size_agreement,HDBSCAN,hdbscan_generic,ok,,6.023520968010416,0.0,6.023520968010416,6.023520968010416,6,1.0,1.0,1.0,1.0,9999,9999,9999,0.0,0.0
synthetic,gaussian_sparse-separated-n10000-d2-seed42,synthetic,gaussian_sparse,separated_clusters,10000,2,6,42,False,6,50,HDBSCAN,exact_single_linkage_pairwise_smallest_common_cluster_size_agreement,Optimized HDBSCAN,optimized_hdbscan,ok,,0.9640659269934986,0.0,0.9640659269934986,0.9640659269934986,6,1.0,1.0,0.999998716712,0.39019812304483836,5613,9999,9999,5.79506440558025e-14,8.058748547305615e-14
synthetic,gaussian_sparse-separated-n10000-d2-seed42,synthetic,gaussian_sparse,separated_clusters,10000,2,6,42,False,6,50,HDBSCAN,exact_single_linkage_pairwise_smallest_common_cluster_size_agreement,ScoreSG,score_sg,ok,,3.177965328010032,0.6895469769951887,3.8675123050052207,0.6895469769951887,6,1.0,1.0,0.962978013136,0.8489275147928994,9182,9999,9999,1.4129023031231262e-07,1.8943978141814203e-07
synthetic,gaussian_sparse-separated-n10000-d2-seed42,synthetic,gaussian_sparse,separated_clusters,10000,2,6,42,False,6,50,HDBSCAN,exact_single_linkage_pairwise_smallest_common_cluster_size_agreement,ScoreSG Random,score_sg_random,ok,,3.1520558030169923,0.6843264659983106,3.836382269015303,0.6843264659983106,6,1.0,1.0,0.8518224664720006,0.8482439926062847,9178,9999,9999,1.413518080979265e-07,1.894810581985465e-07
synthetic,gaussian_sparse-separated-n10000-d2-seed42,synthetic,gaussian_sparse,separated_clusters,10000,2,6,42,False,5,50,HDBSCAN,exact_single_linkage_pairwise_smallest_common_cluster_size_agreement,HDBSCAN,hdbscan_generic,ok,,6.0219687539793085,0.0,6.0219687539793085,6.0219687539793085,6,1.0,1.0,1.0,1.0,9999,9999,9999,0.0,0.0
synthetic,gaussian_sparse-separated-n10000-d2-seed42,synthetic,gaussian_sparse,separated_clusters,10000,2,6,42,False,5,50,HDBSCAN,exact_single_linkage_pairwise_smallest_common_cluster_size_agreement,Optimized HDBSCAN,optimized_hdbscan,ok,,0.9655481739901006,0.0,0.9655481739901006,0.9655481739901006,6,1.0,1.0,0.999998599192,0.4722815283810646,6415,9999,9999,6.309443041209465e-14,8.798325958149815e-14
synthetic,gaussian_sparse-separated-n10000-d2-seed42,synthetic,gaussian_sparse,separated_clusters,10000,2,6,42,False,5,50,HDBSCAN,exact_single_linkage_pairwise_smallest_common_cluster_size_agreement,ScoreSG,score_sg,ok,,3.177965328010032,0.6875996890012175,3.8655650170112494,0.6875996890012175,6,1.0,1.0,0.962975364064,0.8304805491990846,9073,9999,9999,1.4163724991117075e-07,1.929262230740673e-07
synthetic,gaussian_sparse-separated-n10000-d2-seed42,synthetic,gaussian_sparse,separated_clusters,10000,2,6,42,False,5,50,HDBSCAN,exact_single_linkage_pairwise_smallest_common_cluster_size_agreement,ScoreSG Random,score_sg_random,ok,,3.1520558030169923,0.7018497709941585,3.8539055740111507,0.7018497709941585,6,1.0,1.0,0.851819817400001,0.8298105956629152,9069,9999,9999,1.416997208555703e-07,1.9296876468937468e-07
synthetic,gaussian_sparse-separated-n10000-d2-seed42,synthetic,gaussian_sparse,separated_clusters,10000,2,6,42,False,4,50,HDBSCAN,exact_single_linkage_pairwise_smallest_common_cluster_size_agreement,HDBSCAN,hdbscan_generic,ok,,6.029353199992329,0.0,6.029353199992329,6.029353199992329,6,1.0,1.0,1.0,1.0,9999,9999,9999,0.0,0.0
synthetic,gaussian_sparse-separated-n10000-d2-seed42,synthetic,gaussian_sparse,separated_clusters,10000,2,6,42,False,4,50,HDBSCAN,exact_single_linkage_pairwise_smallest_common_cluster_size_agreement,Optimized HDBSCAN,optimized_hdbscan,ok,,0.9876414499885868,0.0,0.9876414499885868,0.9876414499885868,6,1.0,1.0,0.999998963924,0.5735305688881894,7289,9999,9999,7.337640716864777e-14,1.0588349754217729e-13
synthetic,gaussian_sparse-separated-n10000-d2-seed42,synthetic,gaussian_sparse,separated_clusters,10000,2,6,42,False,4,50,HDBSCAN,exact_single_linkage_pairwise_smallest_common_cluster_size_agreement,ScoreSG,score_sg,ok,,3.177965328010032,0.688381506013684,3.866346834023716,0.688381506013684,6,1.0,1.0,0.9629742275560002,0.8156891229344471,8984,9999,9999,1.3419957523896405e-07,1.86442746452585e-07
synthetic,gaussian_sparse-separated-n10000-d2-seed42,synthetic,gaussian_sparse,separated_clusters,10000,2,6,42,False,4,50,HDBSCAN,exact_single_linkage_pairwise_smallest_common_cluster_size_agreement,ScoreSG Random,score_sg_random,ok,,3.1520558030169923,0.6850798079976812,3.8371356110146735,0.6850798079976812,6,1.0,1.0,0.8518186808920012,0.8150299509892902,8980,9999,9999,1.342593523320677e-07,1.8648426582654425e-07
synthetic,gaussian_sparse-separated-n10000-d2-seed42,synthetic,gaussian_sparse,separated_clusters,10000,2,6,42,False,3,50,HDBSCAN,exact_single_linkage_pairwise_smallest_common_cluster_size_agreement,HDBSCAN,hdbscan_generic,ok,,6.032037747994764,0.0,6.032037747994764,6.032037747994764,438,1.0,0.6187811179071234,1.0,1.0,9999,9999,9999,0.0,0.0
synthetic,gaussian_sparse-separated-n10000-d2-seed42,synthetic,gaussian_sparse,separated_clusters,10000,2,6,42,False,3,50,HDBSCAN,exact_single_linkage_pairwise_smallest_common_cluster_size_agreement,Optimized HDBSCAN,optimized_hdbscan,ok,,1.0201457039802335,0.0,1.0201457039802335,1.0201457039802335,438,1.0,0.6187811179071234,0.999999911852,0.7275397373876987,8422,9999,9999,8.72587314393209e-14,1.3138309240132756e-13
synthetic,gaussian_sparse-separated-n10000-d2-seed42,synthetic,gaussian_sparse,separated_clusters,10000,2,6,42,False,3,50,HDBSCAN,exact_single_linkage_pairwise_smallest_common_cluster_size_agreement,ScoreSG,score_sg,ok,,3.177965328010032,0.711079875996802,3.889045204006834,0.711079875996802,6,0.6187811179071234,1.0,0.9629805294000003,0.8143712574850299,8976,9999,9999,1.1870166083770546e-07,1.765129468000143e-07
synthetic,gaussian_sparse-separated-n10000-d2-seed42,synthetic,gaussian_sparse,separated_clusters,10000,2,6,42,False,3,50,HDBSCAN,exact_single_linkage_pairwise_smallest_common_cluster_size_agreement,ScoreSG Random,score_sg_random,ok,,3.1520558030169923,0.706521811982384,3.8585776149993762,0.706521811982384,6,0.6187811179071234,1.0,0.8518249827360014,0.8137130419009614,8972,9999,9999,1.1875458177378055e-07,1.7655228992917783e-07
synthetic,gaussian_sparse-separated-n10000-d2-seed42,synthetic,gaussian_sparse,separated_clusters,10000,2,6,42,False,2,50,HDBSCAN,exact_single_linkage_pairwise_smallest_common_cluster_size_agreement,HDBSCAN,hdbscan_generic,ok,,6.15603666799143,0.0,6.15603666799143,6.15603666799143,1707,1.0,0.0038050616476528834,1.0,1.0,9999,9999,9999,0.0,0.0
synthetic,gaussian_sparse-separated-n10000-d2-seed42,synthetic,gaussian_sparse,separated_clusters,10000,2,6,42,False,2,50,HDBSCAN,exact_single_linkage_pairwise_smallest_common_cluster_size_agreement,Optimized HDBSCAN,optimized_hdbscan,ok,,1.077535110001918,0.0,1.077535110001918,1.077535110001918,1707,1.0,0.0038050616476528834,1.0,0.9998,9998,9999,9999,1.4187856726727378e-13,3.5986890804475624e-13
synthetic,gaussian_sparse-separated-n10000-d2-seed42,synthetic,gaussian_sparse,separated_clusters,10000,2,6,42,False,2,50,HDBSCAN,exact_single_linkage_pairwise_smallest_common_cluster_size_agreement,ScoreSG,score_sg,ok,,3.177965328010032,0.6926409580046311,3.870606286014663,0.6926409580046311,6,0.0038050616476528834,1.0,0.9629851851840001,0.9996000399960004,9997,9999,9999,5.176100129557513e-08,1.1644661824748513e-07
synthetic,gaussian_sparse-separated-n10000-d2-seed42,synthetic,gaussian_sparse,separated_clusters,10000,2,6,42,False,2,50,HDBSCAN,exact_single_linkage_pairwise_smallest_common_cluster_size_agreement,ScoreSG Random,score_sg_random,ok,,3.1520558030169923,0.705207545979647,3.8572633489966393,0.705207545979647,6,0.0038050616476528834,1.0,0.8518296385200004,0.9988005997001499,9993,9999,9999,5.178172019883714e-08,1.164699215533513e-07
